"","age","sex","cp","trestbps","chol","fbs","restecg","thalach","exang","oldpeak","slope","ca","thal","target","agegroups"
"1",52,"Male",0,125,212,FALSE,1,168,"No",1,2,2,"Reversable defect","No heart disease","51-55"
"2",53,"Male",0,140,203,TRUE,0,155,"Yes",3.1,0,0,"Reversable defect","No heart disease","51-55"
"3",70,"Male",0,145,174,FALSE,1,125,"Yes",2.6,0,0,"Reversable defect","No heart disease","66-70"
"4",61,"Male",0,148,203,FALSE,1,161,"No",0,2,1,"Reversable defect","No heart disease","61-65"
"5",62,"Female",0,138,294,TRUE,1,106,"No",1.9,1,3,"Fixed defect","No heart disease","61-65"
"6",58,"Female",0,100,248,FALSE,0,122,"No",1,1,0,"Fixed defect","Have Heart Disease","56-60"
"7",58,"Male",0,114,318,FALSE,2,140,"No",4.4,0,3,"Normal","No heart disease","56-60"
"8",55,"Male",0,160,289,FALSE,0,145,"Yes",0.8,1,1,"Reversable defect","No heart disease","51-55"
"9",46,"Male",0,120,249,FALSE,0,144,"No",0.8,2,0,"Reversable defect","No heart disease","46-50"
"10",54,"Male",0,122,286,FALSE,0,116,"Yes",3.2,1,2,"Fixed defect","No heart disease","51-55"
"11",71,"Female",0,112,149,FALSE,1,125,"No",1.6,1,0,"Fixed defect","Have Heart Disease","72-75"
"12",43,"Female",0,132,341,TRUE,0,136,"Yes",3,1,0,"Reversable defect","No heart disease","41-45"
"13",34,"Female",1,118,210,FALSE,1,192,"No",0.7,2,0,"Fixed defect","Have Heart Disease","31-35"
"14",51,"Male",0,140,298,FALSE,1,122,"Yes",4.2,1,3,"Reversable defect","No heart disease","51-55"
"15",52,"Male",0,128,204,TRUE,1,156,"Yes",1,1,0,"Normal","No heart disease","51-55"
"16",34,"Female",1,118,210,FALSE,1,192,"No",0.7,2,0,"Fixed defect","Have Heart Disease","31-35"
"17",51,"Female",2,140,308,FALSE,0,142,"No",1.5,2,1,"Fixed defect","Have Heart Disease","51-55"
"18",54,"Male",0,124,266,FALSE,0,109,"Yes",2.2,1,1,"Reversable defect","No heart disease","51-55"
"19",50,"Female",1,120,244,FALSE,1,162,"No",1.1,2,0,"Fixed defect","Have Heart Disease","46-50"
"20",58,"Male",2,140,211,TRUE,0,165,"No",0,2,0,"Fixed defect","Have Heart Disease","56-60"
"21",60,"Male",2,140,185,FALSE,0,155,"No",3,1,0,"Fixed defect","No heart disease","56-60"
"22",67,"Female",0,106,223,FALSE,1,142,"No",0.3,2,2,"Fixed defect","Have Heart Disease","66-70"
"23",45,"Male",0,104,208,FALSE,0,148,"Yes",3,1,0,"Fixed defect","Have Heart Disease","41-45"
"24",63,"Female",2,135,252,FALSE,0,172,"No",0,2,0,"Fixed defect","Have Heart Disease","61-65"
"25",42,"Female",2,120,209,FALSE,1,173,"No",0,1,0,"Fixed defect","Have Heart Disease","41-45"
"26",61,"Female",0,145,307,FALSE,0,146,"Yes",1,1,0,"Reversable defect","No heart disease","61-65"
"27",44,"Male",2,130,233,FALSE,1,179,"Yes",0.4,2,0,"Fixed defect","Have Heart Disease","41-45"
"28",58,"Female",1,136,319,TRUE,0,152,"No",0,2,2,"Fixed defect","No heart disease","56-60"
"29",56,"Male",2,130,256,TRUE,0,142,"Yes",0.6,1,1,"Normal","No heart disease","56-60"
"30",55,"Female",0,180,327,FALSE,2,117,"Yes",3.4,1,0,"Fixed defect","No heart disease","51-55"
"31",44,"Male",0,120,169,FALSE,1,144,"Yes",2.8,0,0,"Normal","No heart disease","41-45"
"32",50,"Female",1,120,244,FALSE,1,162,"No",1.1,2,0,"Fixed defect","Have Heart Disease","46-50"
"33",57,"Male",0,130,131,FALSE,1,115,"Yes",1.2,1,1,"Reversable defect","No heart disease","56-60"
"34",70,"Male",2,160,269,FALSE,1,112,"Yes",2.9,1,1,"Reversable defect","No heart disease","66-70"
"35",50,"Male",2,129,196,FALSE,1,163,"No",0,2,0,"Fixed defect","Have Heart Disease","46-50"
"36",46,"Male",2,150,231,FALSE,1,147,"No",3.6,1,0,"Fixed defect","No heart disease","46-50"
"37",51,"Male",3,125,213,FALSE,0,125,"Yes",1.4,2,1,"Fixed defect","Have Heart Disease","51-55"
"38",59,"Male",0,138,271,FALSE,0,182,"No",0,2,0,"Fixed defect","Have Heart Disease","56-60"
"39",64,"Male",0,128,263,FALSE,1,105,"Yes",0.2,1,1,"Reversable defect","Have Heart Disease","61-65"
"40",57,"Male",2,128,229,FALSE,0,150,"No",0.4,1,1,"Reversable defect","No heart disease","56-60"
"41",65,"Female",2,160,360,FALSE,0,151,"No",0.8,2,0,"Fixed defect","Have Heart Disease","61-65"
"42",54,"Male",2,120,258,FALSE,0,147,"No",0.4,1,0,"Reversable defect","Have Heart Disease","51-55"
"43",61,"Female",0,130,330,FALSE,0,169,"No",0,2,0,"Fixed defect","No heart disease","61-65"
"44",46,"Male",0,120,249,FALSE,0,144,"No",0.8,2,0,"Reversable defect","No heart disease","46-50"
"45",55,"Female",1,132,342,FALSE,1,166,"No",1.2,2,0,"Fixed defect","Have Heart Disease","51-55"
"46",42,"Male",0,140,226,FALSE,1,178,"No",0,2,0,"Fixed defect","Have Heart Disease","41-45"
"47",41,"Male",1,135,203,FALSE,1,132,"No",0,1,0,"Normal","Have Heart Disease","41-45"
"48",66,"Female",0,178,228,TRUE,1,165,"Yes",1,1,2,"Reversable defect","No heart disease","66-70"
"49",66,"Female",2,146,278,FALSE,0,152,"No",0,1,1,"Fixed defect","Have Heart Disease","66-70"
"50",60,"Male",0,117,230,TRUE,1,160,"Yes",1.4,2,2,"Reversable defect","No heart disease","56-60"
"51",58,"Female",3,150,283,TRUE,0,162,"No",1,2,0,"Fixed defect","Have Heart Disease","56-60"
"52",57,"Female",0,140,241,FALSE,1,123,"Yes",0.2,1,0,"Reversable defect","No heart disease","56-60"
"53",38,"Male",2,138,175,FALSE,1,173,"No",0,2,0,"Fixed defect","Have Heart Disease","36-40"
"54",49,"Male",2,120,188,FALSE,1,139,"No",2,1,3,"Reversable defect","No heart disease","46-50"
"55",55,"Male",0,140,217,FALSE,1,111,"Yes",5.6,0,0,"Reversable defect","No heart disease","51-55"
"56",55,"Male",0,140,217,FALSE,1,111,"Yes",5.6,0,0,"Reversable defect","No heart disease","51-55"
"57",56,"Male",3,120,193,FALSE,0,162,"No",1.9,1,0,"Reversable defect","Have Heart Disease","56-60"
"58",48,"Male",1,130,245,FALSE,0,180,"No",0.2,1,0,"Fixed defect","Have Heart Disease","46-50"
"59",67,"Male",2,152,212,FALSE,0,150,"No",0.8,1,0,"Reversable defect","No heart disease","66-70"
"60",57,"Male",1,154,232,FALSE,0,164,"No",0,2,1,"Fixed defect","No heart disease","56-60"
"61",29,"Male",1,130,204,FALSE,0,202,"No",0,2,0,"Fixed defect","Have Heart Disease","26-30"
"62",66,"Female",2,146,278,FALSE,0,152,"No",0,1,1,"Fixed defect","Have Heart Disease","66-70"
"63",67,"Male",0,100,299,FALSE,0,125,"Yes",0.9,1,2,"Fixed defect","No heart disease","66-70"
"64",59,"Male",2,150,212,TRUE,1,157,"No",1.6,2,0,"Fixed defect","Have Heart Disease","56-60"
"65",29,"Male",1,130,204,FALSE,0,202,"No",0,2,0,"Fixed defect","Have Heart Disease","26-30"
"66",59,"Male",3,170,288,FALSE,0,159,"No",0.2,1,0,"Reversable defect","No heart disease","56-60"
"67",53,"Male",2,130,197,TRUE,0,152,"No",1.2,0,0,"Fixed defect","Have Heart Disease","51-55"
"68",42,"Male",0,136,315,FALSE,1,125,"Yes",1.8,1,0,"Normal","No heart disease","41-45"
"69",37,"Female",2,120,215,FALSE,1,170,"No",0,2,0,"Fixed defect","Have Heart Disease","36-40"
"70",62,"Female",0,160,164,FALSE,0,145,"No",6.2,0,3,"Reversable defect","No heart disease","61-65"
"71",59,"Male",0,170,326,FALSE,0,140,"Yes",3.4,0,0,"Reversable defect","No heart disease","56-60"
"72",61,"Male",0,140,207,FALSE,0,138,"Yes",1.9,2,1,"Reversable defect","No heart disease","61-65"
"73",56,"Male",0,125,249,TRUE,0,144,"Yes",1.2,1,1,"Fixed defect","No heart disease","56-60"
"74",59,"Male",0,140,177,FALSE,1,162,"Yes",0,2,1,"Reversable defect","No heart disease","56-60"
"75",48,"Male",0,130,256,TRUE,0,150,"Yes",0,2,2,"Reversable defect","No heart disease","46-50"
"76",47,"Male",2,138,257,FALSE,0,156,"No",0,2,0,"Fixed defect","Have Heart Disease","46-50"
"77",48,"Male",2,124,255,TRUE,1,175,"No",0,2,2,"Fixed defect","Have Heart Disease","46-50"
"78",63,"Male",0,140,187,FALSE,0,144,"Yes",4,2,2,"Reversable defect","No heart disease","61-65"
"79",52,"Male",1,134,201,FALSE,1,158,"No",0.8,2,1,"Fixed defect","Have Heart Disease","51-55"
"80",52,"Male",1,134,201,FALSE,1,158,"No",0.8,2,1,"Fixed defect","Have Heart Disease","51-55"
"81",50,"Male",2,140,233,FALSE,1,163,"No",0.6,1,1,"Reversable defect","No heart disease","46-50"
"82",49,"Male",2,118,149,FALSE,0,126,"No",0.8,2,3,"Fixed defect","No heart disease","46-50"
"83",46,"Male",2,150,231,FALSE,1,147,"No",3.6,1,0,"Fixed defect","No heart disease","46-50"
"84",38,"Male",2,138,175,FALSE,1,173,"No",0,2,0,"Fixed defect","Have Heart Disease","36-40"
"85",37,"Female",2,120,215,FALSE,1,170,"No",0,2,0,"Fixed defect","Have Heart Disease","36-40"
"86",44,"Male",1,120,220,FALSE,1,170,"No",0,2,0,"Fixed defect","Have Heart Disease","41-45"
"87",58,"Male",2,140,211,TRUE,0,165,"No",0,2,0,"Fixed defect","Have Heart Disease","56-60"
"88",59,"Female",0,174,249,FALSE,1,143,"Yes",0,1,0,"Fixed defect","No heart disease","56-60"
"89",62,"Female",0,140,268,FALSE,0,160,"No",3.6,0,2,"Fixed defect","No heart disease","61-65"
"90",68,"Male",0,144,193,TRUE,1,141,"No",3.4,1,2,"Reversable defect","No heart disease","66-70"
"91",54,"Female",2,108,267,FALSE,0,167,"No",0,2,0,"Fixed defect","Have Heart Disease","51-55"
"92",62,"Female",0,124,209,FALSE,1,163,"No",0,2,0,"Fixed defect","Have Heart Disease","61-65"
"93",63,"Male",0,140,187,FALSE,0,144,"Yes",4,2,2,"Reversable defect","No heart disease","61-65"
"94",44,"Male",0,120,169,FALSE,1,144,"Yes",2.8,0,0,"Normal","No heart disease","41-45"
"95",62,"Male",1,128,208,TRUE,0,140,"No",0,2,0,"Fixed defect","Have Heart Disease","61-65"
"96",45,"Female",0,138,236,FALSE,0,152,"Yes",0.2,1,0,"Fixed defect","Have Heart Disease","41-45"
"97",57,"Female",0,128,303,FALSE,0,159,"No",0,2,1,"Fixed defect","Have Heart Disease","56-60"
"98",53,"Male",0,123,282,FALSE,1,95,"Yes",2,1,2,"Reversable defect","No heart disease","51-55"
"99",65,"Male",0,110,248,FALSE,0,158,"No",0.6,2,2,"Normal","No heart disease","61-65"
"100",76,"Female",2,140,197,FALSE,2,116,"No",1.1,1,0,"Fixed defect","Have Heart Disease","76-80"
"101",43,"Female",2,122,213,FALSE,1,165,"No",0.2,1,0,"Fixed defect","Have Heart Disease","41-45"
"102",57,"Male",2,150,126,TRUE,1,173,"No",0.2,2,1,"Reversable defect","Have Heart Disease","56-60"
"103",54,"Male",1,108,309,FALSE,1,156,"No",0,2,0,"Reversable defect","Have Heart Disease","51-55"
"104",47,"Male",2,138,257,FALSE,0,156,"No",0,2,0,"Fixed defect","Have Heart Disease","46-50"
"105",52,"Male",3,118,186,FALSE,0,190,"No",0,1,0,"Normal","Have Heart Disease","51-55"
"106",47,"Male",0,110,275,FALSE,0,118,"Yes",1,1,1,"Fixed defect","No heart disease","46-50"
"107",51,"Male",0,140,299,FALSE,1,173,"Yes",1.6,2,0,"Reversable defect","No heart disease","51-55"
"108",62,"Male",1,120,281,FALSE,0,103,"No",1.4,1,1,"Reversable defect","No heart disease","61-65"
"109",40,"Male",0,152,223,FALSE,1,181,"No",0,2,0,"Reversable defect","No heart disease","36-40"
"110",54,"Male",0,110,206,FALSE,0,108,"Yes",0,1,1,"Fixed defect","No heart disease","51-55"
"111",44,"Male",0,110,197,FALSE,0,177,"No",0,2,1,"Fixed defect","No heart disease","41-45"
"112",53,"Male",0,142,226,FALSE,0,111,"Yes",0,2,0,"Reversable defect","Have Heart Disease","51-55"
"113",48,"Male",0,130,256,TRUE,0,150,"Yes",0,2,2,"Reversable defect","No heart disease","46-50"
"114",57,"Male",0,110,335,FALSE,1,143,"Yes",3,1,1,"Reversable defect","No heart disease","56-60"
"115",59,"Male",2,126,218,TRUE,1,134,"No",2.2,1,1,"Normal","No heart disease","56-60"
"116",61,"Female",0,145,307,FALSE,0,146,"Yes",1,1,0,"Reversable defect","No heart disease","61-65"
"117",63,"Male",0,130,254,FALSE,0,147,"No",1.4,1,1,"Reversable defect","No heart disease","61-65"
"118",43,"Male",0,120,177,FALSE,0,120,"Yes",2.5,1,0,"Reversable defect","No heart disease","41-45"
"119",29,"Male",1,130,204,FALSE,0,202,"No",0,2,0,"Fixed defect","Have Heart Disease","26-30"
"120",42,"Male",1,120,295,FALSE,1,162,"No",0,2,0,"Fixed defect","Have Heart Disease","41-45"
"121",54,"Male",1,108,309,FALSE,1,156,"No",0,2,0,"Reversable defect","Have Heart Disease","51-55"
"122",44,"Male",0,120,169,FALSE,1,144,"Yes",2.8,0,0,"Normal","No heart disease","41-45"
"123",60,"Male",0,145,282,FALSE,0,142,"Yes",2.8,1,2,"Reversable defect","No heart disease","56-60"
"124",65,"Female",2,140,417,TRUE,0,157,"No",0.8,2,1,"Fixed defect","Have Heart Disease","61-65"
"125",61,"Male",0,120,260,FALSE,1,140,"Yes",3.6,1,1,"Reversable defect","No heart disease","61-65"
"126",60,"Female",3,150,240,FALSE,1,171,"No",0.9,2,0,"Fixed defect","Have Heart Disease","56-60"
"127",66,"Male",0,120,302,FALSE,0,151,"No",0.4,1,0,"Fixed defect","Have Heart Disease","66-70"
"128",53,"Male",2,130,197,TRUE,0,152,"No",1.2,0,0,"Fixed defect","Have Heart Disease","51-55"
"129",52,"Male",2,138,223,FALSE,1,169,"No",0,2,0,"Fixed defect","Have Heart Disease","51-55"
"130",57,"Male",0,140,192,FALSE,1,148,"No",0.4,1,0,"Normal","Have Heart Disease","56-60"
"131",60,"Female",3,150,240,FALSE,1,171,"No",0.9,2,0,"Fixed defect","Have Heart Disease","56-60"
"132",51,"Female",2,130,256,FALSE,0,149,"No",0.5,2,0,"Fixed defect","Have Heart Disease","51-55"
"133",41,"Male",1,135,203,FALSE,1,132,"No",0,1,0,"Normal","Have Heart Disease","41-45"
"134",50,"Male",2,129,196,FALSE,1,163,"No",0,2,0,"Fixed defect","Have Heart Disease","46-50"
"135",54,"Male",1,108,309,FALSE,1,156,"No",0,2,0,"Reversable defect","Have Heart Disease","51-55"
"136",58,"Female",0,170,225,TRUE,0,146,"Yes",2.8,1,2,"Normal","No heart disease","56-60"
"137",55,"Female",1,132,342,FALSE,1,166,"No",1.2,2,0,"Fixed defect","Have Heart Disease","51-55"
"138",64,"Female",0,180,325,FALSE,1,154,"Yes",0,2,0,"Fixed defect","Have Heart Disease","61-65"
"139",47,"Male",2,138,257,FALSE,0,156,"No",0,2,0,"Fixed defect","Have Heart Disease","46-50"
"140",41,"Male",1,110,235,FALSE,1,153,"No",0,2,0,"Fixed defect","Have Heart Disease","41-45"
"141",57,"Male",0,152,274,FALSE,1,88,"Yes",1.2,1,1,"Reversable defect","No heart disease","56-60"
"142",63,"Female",0,124,197,FALSE,1,136,"Yes",0,1,0,"Fixed defect","No heart disease","61-65"
"143",61,"Male",3,134,234,FALSE,1,145,"No",2.6,1,2,"Fixed defect","No heart disease","61-65"
"144",34,"Male",3,118,182,FALSE,0,174,"No",0,2,0,"Fixed defect","Have Heart Disease","31-35"
"145",47,"Male",0,112,204,FALSE,1,143,"No",0.1,2,0,"Fixed defect","Have Heart Disease","46-50"
"146",40,"Male",0,110,167,FALSE,0,114,"Yes",2,1,0,"Reversable defect","No heart disease","36-40"
"147",51,"Female",2,120,295,FALSE,0,157,"No",0.6,2,0,"Fixed defect","Have Heart Disease","51-55"
"148",41,"Male",0,110,172,FALSE,0,158,"No",0,2,0,"Reversable defect","No heart disease","41-45"
"149",52,"Male",3,152,298,TRUE,1,178,"No",1.2,1,0,"Reversable defect","Have Heart Disease","51-55"
"150",39,"Male",2,140,321,FALSE,0,182,"No",0,2,0,"Fixed defect","Have Heart Disease","36-40"
"151",58,"Male",0,114,318,FALSE,2,140,"No",4.4,0,3,"Normal","No heart disease","56-60"
"152",54,"Male",1,192,283,FALSE,0,195,"No",0,2,1,"Reversable defect","No heart disease","51-55"
"153",58,"Male",0,125,300,FALSE,0,171,"No",0,2,2,"Reversable defect","No heart disease","56-60"
"154",54,"Male",2,120,258,FALSE,0,147,"No",0.4,1,0,"Reversable defect","Have Heart Disease","51-55"
"155",63,"Male",0,130,330,TRUE,0,132,"Yes",1.8,2,3,"Reversable defect","No heart disease","61-65"
"156",54,"Male",1,108,309,FALSE,1,156,"No",0,2,0,"Reversable defect","Have Heart Disease","51-55"
"157",40,"Male",3,140,199,FALSE,1,178,"Yes",1.4,2,0,"Reversable defect","Have Heart Disease","36-40"
"158",54,"Male",2,120,258,FALSE,0,147,"No",0.4,1,0,"Reversable defect","Have Heart Disease","51-55"
"159",67,"Female",2,115,564,FALSE,0,160,"No",1.6,1,0,"Reversable defect","Have Heart Disease","66-70"
"160",41,"Male",1,120,157,FALSE,1,182,"No",0,2,0,"Fixed defect","Have Heart Disease","41-45"
"161",77,"Male",0,125,304,FALSE,0,162,"Yes",0,2,3,"Fixed defect","No heart disease","76-80"
"162",51,"Male",2,100,222,FALSE,1,143,"Yes",1.2,1,0,"Fixed defect","Have Heart Disease","51-55"
"163",77,"Male",0,125,304,FALSE,0,162,"Yes",0,2,3,"Fixed defect","No heart disease","76-80"
"164",48,"Male",0,124,274,FALSE,0,166,"No",0.5,1,0,"Reversable defect","No heart disease","46-50"
"165",56,"Male",0,125,249,TRUE,0,144,"Yes",1.2,1,1,"Fixed defect","No heart disease","56-60"
"166",59,"Male",0,170,326,FALSE,0,140,"Yes",3.4,0,0,"Reversable defect","No heart disease","56-60"
"167",56,"Male",0,132,184,FALSE,0,105,"Yes",2.1,1,1,"Normal","No heart disease","56-60"
"168",57,"Female",0,120,354,FALSE,1,163,"Yes",0.6,2,0,"Fixed defect","Have Heart Disease","56-60"
"169",43,"Male",2,130,315,FALSE,1,162,"No",1.9,2,1,"Fixed defect","Have Heart Disease","41-45"
"170",45,"Female",1,112,160,FALSE,1,138,"No",0,1,0,"Fixed defect","Have Heart Disease","41-45"
"171",43,"Male",0,150,247,FALSE,1,171,"No",1.5,2,0,"Fixed defect","Have Heart Disease","41-45"
"172",56,"Male",0,130,283,TRUE,0,103,"Yes",1.6,0,0,"Reversable defect","No heart disease","56-60"
"173",56,"Male",1,120,240,FALSE,1,169,"No",0,0,0,"Fixed defect","Have Heart Disease","56-60"
"174",39,"Female",2,94,199,FALSE,1,179,"No",0,2,0,"Fixed defect","Have Heart Disease","36-40"
"175",54,"Male",0,110,239,FALSE,1,126,"Yes",2.8,1,1,"Reversable defect","No heart disease","51-55"
"176",56,"Female",0,200,288,TRUE,0,133,"Yes",4,0,2,"Reversable defect","No heart disease","56-60"
"177",56,"Male",0,130,283,TRUE,0,103,"Yes",1.6,0,0,"Reversable defect","No heart disease","56-60"
"178",64,"Male",0,120,246,FALSE,0,96,"Yes",2.2,0,1,"Fixed defect","No heart disease","61-65"
"179",44,"Male",0,110,197,FALSE,0,177,"No",0,2,1,"Fixed defect","No heart disease","41-45"
"180",56,"Female",0,134,409,FALSE,0,150,"Yes",1.9,1,2,"Reversable defect","No heart disease","56-60"
"181",63,"Male",0,140,187,FALSE,0,144,"Yes",4,2,2,"Reversable defect","No heart disease","61-65"
"182",64,"Male",3,110,211,FALSE,0,144,"Yes",1.8,1,0,"Fixed defect","Have Heart Disease","61-65"
"183",60,"Male",0,140,293,FALSE,0,170,"No",1.2,1,2,"Reversable defect","No heart disease","56-60"
"184",42,"Male",2,130,180,FALSE,1,150,"No",0,2,0,"Fixed defect","Have Heart Disease","41-45"
"185",45,"Male",1,128,308,FALSE,0,170,"No",0,2,0,"Fixed defect","Have Heart Disease","41-45"
"186",57,"Male",0,165,289,TRUE,0,124,"No",1,1,3,"Reversable defect","No heart disease","56-60"
"187",40,"Male",0,110,167,FALSE,0,114,"Yes",2,1,0,"Reversable defect","No heart disease","36-40"
"188",56,"Male",0,125,249,TRUE,0,144,"Yes",1.2,1,1,"Fixed defect","No heart disease","56-60"
"189",63,"Male",0,130,254,FALSE,0,147,"No",1.4,1,1,"Reversable defect","No heart disease","61-65"
"190",64,"Male",2,125,309,FALSE,1,131,"Yes",1.8,1,0,"Reversable defect","No heart disease","61-65"
"191",41,"Male",2,112,250,FALSE,1,179,"No",0,2,0,"Fixed defect","Have Heart Disease","41-45"
"192",56,"Male",1,130,221,FALSE,0,163,"No",0,2,0,"Reversable defect","Have Heart Disease","56-60"
"193",67,"Female",2,115,564,FALSE,0,160,"No",1.6,1,0,"Reversable defect","Have Heart Disease","66-70"
"194",69,"Male",3,160,234,TRUE,0,131,"No",0.1,1,1,"Fixed defect","Have Heart Disease","66-70"
"195",67,"Male",0,160,286,FALSE,0,108,"Yes",1.5,1,3,"Fixed defect","No heart disease","66-70"
"196",59,"Male",2,150,212,TRUE,1,157,"No",1.6,2,0,"Fixed defect","Have Heart Disease","56-60"
"197",58,"Male",0,100,234,FALSE,1,156,"No",0.1,2,1,"Reversable defect","No heart disease","56-60"
"198",45,"Male",0,115,260,FALSE,0,185,"No",0,2,0,"Fixed defect","Have Heart Disease","41-45"
"199",60,"Female",2,102,318,FALSE,1,160,"No",0,2,1,"Fixed defect","Have Heart Disease","56-60"
"200",50,"Male",0,144,200,FALSE,0,126,"Yes",0.9,1,0,"Reversable defect","No heart disease","46-50"
"201",62,"Female",0,124,209,FALSE,1,163,"No",0,2,0,"Fixed defect","Have Heart Disease","61-65"
"202",34,"Male",3,118,182,FALSE,0,174,"No",0,2,0,"Fixed defect","Have Heart Disease","31-35"
"203",52,"Male",3,152,298,TRUE,1,178,"No",1.2,1,0,"Reversable defect","Have Heart Disease","51-55"
"204",64,"Male",3,170,227,FALSE,0,155,"No",0.6,1,0,"Reversable defect","Have Heart Disease","61-65"
"205",66,"Female",2,146,278,FALSE,0,152,"No",0,1,1,"Fixed defect","Have Heart Disease","66-70"
"206",42,"Male",3,148,244,FALSE,0,178,"No",0.8,2,2,"Fixed defect","Have Heart Disease","41-45"
"207",59,"Male",2,126,218,TRUE,1,134,"No",2.2,1,1,"Normal","No heart disease","56-60"
"208",41,"Male",2,112,250,FALSE,1,179,"No",0,2,0,"Fixed defect","Have Heart Disease","41-45"
"209",38,"Male",2,138,175,FALSE,1,173,"No",0,2,0,"Fixed defect","Have Heart Disease","36-40"
"210",62,"Male",1,120,281,FALSE,0,103,"No",1.4,1,1,"Reversable defect","No heart disease","61-65"
"211",42,"Male",2,120,240,TRUE,1,194,"No",0.8,0,0,"Reversable defect","Have Heart Disease","41-45"
"212",67,"Male",0,100,299,FALSE,0,125,"Yes",0.9,1,2,"Fixed defect","No heart disease","66-70"
"213",50,"Male",0,150,243,FALSE,0,128,"No",2.6,1,0,"Reversable defect","No heart disease","46-50"
"214",43,"Male",2,130,315,FALSE,1,162,"No",1.9,2,1,"Fixed defect","Have Heart Disease","41-45"
"215",45,"Male",1,128,308,FALSE,0,170,"No",0,2,0,"Fixed defect","Have Heart Disease","41-45"
"216",49,"Male",1,130,266,FALSE,1,171,"No",0.6,2,0,"Fixed defect","Have Heart Disease","46-50"
"217",65,"Male",0,135,254,FALSE,0,127,"No",2.8,1,1,"Reversable defect","No heart disease","61-65"
"218",41,"Male",1,120,157,FALSE,1,182,"No",0,2,0,"Fixed defect","Have Heart Disease","41-45"
"219",46,"Male",0,140,311,FALSE,1,120,"Yes",1.8,1,2,"Reversable defect","No heart disease","46-50"
"220",54,"Male",0,122,286,FALSE,0,116,"Yes",3.2,1,2,"Fixed defect","No heart disease","51-55"
"221",57,"Female",1,130,236,FALSE,0,174,"No",0,1,1,"Fixed defect","No heart disease","56-60"
"222",63,"Male",0,130,254,FALSE,0,147,"No",1.4,1,1,"Reversable defect","No heart disease","61-65"
"223",64,"Male",3,110,211,FALSE,0,144,"Yes",1.8,1,0,"Fixed defect","Have Heart Disease","61-65"
"224",39,"Female",2,94,199,FALSE,1,179,"No",0,2,0,"Fixed defect","Have Heart Disease","36-40"
"225",51,"Male",0,140,261,FALSE,0,186,"Yes",0,2,0,"Fixed defect","Have Heart Disease","51-55"
"226",54,"Male",2,150,232,FALSE,0,165,"No",1.6,2,0,"Reversable defect","Have Heart Disease","51-55"
"227",49,"Male",2,118,149,FALSE,0,126,"No",0.8,2,3,"Fixed defect","No heart disease","46-50"
"228",44,"Female",2,118,242,FALSE,1,149,"No",0.3,1,1,"Fixed defect","Have Heart Disease","41-45"
"229",52,"Male",1,128,205,TRUE,1,184,"No",0,2,0,"Fixed defect","Have Heart Disease","51-55"
"230",66,"Female",0,178,228,TRUE,1,165,"Yes",1,1,2,"Reversable defect","No heart disease","66-70"
"231",58,"Male",0,125,300,FALSE,0,171,"No",0,2,2,"Reversable defect","No heart disease","56-60"
"232",56,"Male",1,120,236,FALSE,1,178,"No",0.8,2,0,"Fixed defect","Have Heart Disease","56-60"
"233",60,"Male",0,125,258,FALSE,0,141,"Yes",2.8,1,1,"Reversable defect","No heart disease","56-60"
"234",41,"Female",1,126,306,FALSE,1,163,"No",0,2,0,"Fixed defect","Have Heart Disease","41-45"
"235",49,"Female",0,130,269,FALSE,1,163,"No",0,2,0,"Fixed defect","Have Heart Disease","46-50"
"236",64,"Male",3,170,227,FALSE,0,155,"No",0.6,1,0,"Reversable defect","Have Heart Disease","61-65"
"237",49,"Male",2,118,149,FALSE,0,126,"No",0.8,2,3,"Fixed defect","No heart disease","46-50"
"238",57,"Male",1,124,261,FALSE,1,141,"No",0.3,2,0,"Reversable defect","No heart disease","56-60"
"239",60,"Male",0,117,230,TRUE,1,160,"Yes",1.4,2,2,"Reversable defect","No heart disease","56-60"
"240",62,"Female",0,150,244,FALSE,1,154,"Yes",1.4,1,0,"Fixed defect","No heart disease","61-65"
"241",54,"Female",1,132,288,TRUE,0,159,"Yes",0,2,1,"Fixed defect","Have Heart Disease","51-55"
"242",67,"Male",2,152,212,FALSE,0,150,"No",0.8,1,0,"Reversable defect","No heart disease","66-70"
"243",38,"Male",2,138,175,FALSE,1,173,"No",0,2,0,"Fixed defect","Have Heart Disease","36-40"
"244",60,"Male",2,140,185,FALSE,0,155,"No",3,1,0,"Fixed defect","No heart disease","56-60"
"245",51,"Male",2,125,245,TRUE,0,166,"No",2.4,1,0,"Fixed defect","Have Heart Disease","51-55"
"246",44,"Male",1,130,219,FALSE,0,188,"No",0,2,0,"Fixed defect","Have Heart Disease","41-45"
"247",54,"Male",1,192,283,FALSE,0,195,"No",0,2,1,"Reversable defect","No heart disease","51-55"
"248",46,"Male",0,140,311,FALSE,1,120,"Yes",1.8,1,2,"Reversable defect","No heart disease","46-50"
"249",39,"Female",2,138,220,FALSE,1,152,"No",0,1,0,"Fixed defect","Have Heart Disease","36-40"
"250",42,"Male",2,130,180,FALSE,1,150,"No",0,2,0,"Fixed defect","Have Heart Disease","41-45"
"251",47,"Male",0,110,275,FALSE,0,118,"Yes",1,1,1,"Fixed defect","No heart disease","46-50"
"252",45,"Female",1,112,160,FALSE,1,138,"No",0,1,0,"Fixed defect","Have Heart Disease","41-45"
"253",55,"Male",0,132,353,FALSE,1,132,"Yes",1.2,1,1,"Reversable defect","No heart disease","51-55"
"254",57,"Male",0,165,289,TRUE,0,124,"No",1,1,3,"Reversable defect","No heart disease","56-60"
"255",35,"Male",0,120,198,FALSE,1,130,"Yes",1.6,1,0,"Reversable defect","No heart disease","31-35"
"256",62,"Female",0,140,394,FALSE,0,157,"No",1.2,1,0,"Fixed defect","Have Heart Disease","61-65"
"257",35,"Female",0,138,183,FALSE,1,182,"No",1.4,2,0,"Fixed defect","Have Heart Disease","31-35"
"258",64,"Female",0,180,325,FALSE,1,154,"Yes",0,2,0,"Fixed defect","Have Heart Disease","61-65"
"259",38,"Male",3,120,231,FALSE,1,182,"Yes",3.8,1,0,"Reversable defect","No heart disease","36-40"
"260",66,"Male",0,120,302,FALSE,0,151,"No",0.4,1,0,"Fixed defect","Have Heart Disease","66-70"
"261",44,"Male",2,120,226,FALSE,1,169,"No",0,2,0,"Fixed defect","Have Heart Disease","41-45"
"262",54,"Male",2,150,232,FALSE,0,165,"No",1.6,2,0,"Reversable defect","Have Heart Disease","51-55"
"263",48,"Male",0,122,222,FALSE,0,186,"No",0,2,0,"Fixed defect","Have Heart Disease","46-50"
"264",55,"Female",1,132,342,FALSE,1,166,"No",1.2,2,0,"Fixed defect","Have Heart Disease","51-55"
"265",58,"Female",0,170,225,TRUE,0,146,"Yes",2.8,1,2,"Normal","No heart disease","56-60"
"266",45,"Male",0,104,208,FALSE,0,148,"Yes",3,1,0,"Fixed defect","Have Heart Disease","41-45"
"267",53,"Male",0,123,282,FALSE,1,95,"Yes",2,1,2,"Reversable defect","No heart disease","51-55"
"268",67,"Male",0,120,237,FALSE,1,71,"No",1,1,0,"Fixed defect","No heart disease","66-70"
"269",58,"Male",2,132,224,FALSE,0,173,"No",3.2,2,2,"Reversable defect","No heart disease","56-60"
"270",71,"Female",2,110,265,TRUE,0,130,"No",0,2,1,"Fixed defect","Have Heart Disease","72-75"
"271",43,"Male",0,110,211,FALSE,1,161,"No",0,2,0,"Reversable defect","Have Heart Disease","41-45"
"272",44,"Male",1,120,263,FALSE,1,173,"No",0,2,0,"Reversable defect","Have Heart Disease","41-45"
"273",39,"Female",2,138,220,FALSE,1,152,"No",0,1,0,"Fixed defect","Have Heart Disease","36-40"
"274",54,"Male",0,110,206,FALSE,0,108,"Yes",0,1,1,"Fixed defect","No heart disease","51-55"
"275",66,"Male",0,160,228,FALSE,0,138,"No",2.3,2,0,"Normal","Have Heart Disease","66-70"
"276",56,"Male",0,130,283,TRUE,0,103,"Yes",1.6,0,0,"Reversable defect","No heart disease","56-60"
"277",57,"Male",0,132,207,FALSE,1,168,"Yes",0,2,0,"Reversable defect","Have Heart Disease","56-60"
"278",44,"Male",1,130,219,FALSE,0,188,"No",0,2,0,"Fixed defect","Have Heart Disease","41-45"
"279",55,"Male",0,160,289,FALSE,0,145,"Yes",0.8,1,1,"Reversable defect","No heart disease","51-55"
"280",41,"Female",1,105,198,FALSE,1,168,"No",0,2,1,"Fixed defect","Have Heart Disease","41-45"
"281",45,"Female",1,130,234,FALSE,0,175,"No",0.6,1,0,"Fixed defect","Have Heart Disease","41-45"
"282",35,"Male",1,122,192,FALSE,1,174,"No",0,2,0,"Fixed defect","Have Heart Disease","31-35"
"283",41,"Female",1,130,204,FALSE,0,172,"No",1.4,2,0,"Fixed defect","Have Heart Disease","41-45"
"284",64,"Male",3,110,211,FALSE,0,144,"Yes",1.8,1,0,"Fixed defect","Have Heart Disease","61-65"
"285",58,"Male",2,132,224,FALSE,0,173,"No",3.2,2,2,"Reversable defect","No heart disease","56-60"
"286",71,"Female",2,110,265,TRUE,0,130,"No",0,2,1,"Fixed defect","Have Heart Disease","72-75"
"287",64,"Female",2,140,313,FALSE,1,133,"No",0.2,2,0,"Reversable defect","Have Heart Disease","61-65"
"288",71,"Female",1,160,302,FALSE,1,162,"No",0.4,2,2,"Fixed defect","Have Heart Disease","72-75"
"289",58,"Female",2,120,340,FALSE,1,172,"No",0,2,0,"Fixed defect","Have Heart Disease","56-60"
"290",40,"Male",0,152,223,FALSE,1,181,"No",0,2,0,"Reversable defect","No heart disease","36-40"
"291",52,"Male",2,138,223,FALSE,1,169,"No",0,2,0,"Fixed defect","Have Heart Disease","51-55"
"292",58,"Male",0,128,259,FALSE,0,130,"Yes",3,1,2,"Reversable defect","No heart disease","56-60"
"293",61,"Male",2,150,243,TRUE,1,137,"Yes",1,1,0,"Fixed defect","Have Heart Disease","61-65"
"294",59,"Male",2,150,212,TRUE,1,157,"No",1.6,2,0,"Fixed defect","Have Heart Disease","56-60"
"295",56,"Female",0,200,288,TRUE,0,133,"Yes",4,0,2,"Reversable defect","No heart disease","56-60"
"296",67,"Male",0,100,299,FALSE,0,125,"Yes",0.9,1,2,"Fixed defect","No heart disease","66-70"
"297",67,"Male",0,120,237,FALSE,1,71,"No",1,1,0,"Fixed defect","No heart disease","66-70"
"298",58,"Male",0,150,270,FALSE,0,111,"Yes",0.8,2,0,"Reversable defect","No heart disease","56-60"
"299",35,"Male",1,122,192,FALSE,1,174,"No",0,2,0,"Fixed defect","Have Heart Disease","31-35"
"300",52,"Male",1,120,325,FALSE,1,172,"No",0.2,2,0,"Fixed defect","Have Heart Disease","51-55"
"301",46,"Female",1,105,204,FALSE,1,172,"No",0,2,0,"Fixed defect","Have Heart Disease","46-50"
"302",51,"Male",2,94,227,FALSE,1,154,"Yes",0,2,1,"Reversable defect","Have Heart Disease","51-55"
"303",55,"Female",1,132,342,FALSE,1,166,"No",1.2,2,0,"Fixed defect","Have Heart Disease","51-55"
"304",60,"Male",0,145,282,FALSE,0,142,"Yes",2.8,1,2,"Reversable defect","No heart disease","56-60"
"305",52,"Female",2,136,196,FALSE,0,169,"No",0.1,1,0,"Fixed defect","Have Heart Disease","51-55"
"306",62,"Male",0,120,267,FALSE,1,99,"Yes",1.8,1,2,"Reversable defect","No heart disease","61-65"
"307",44,"Female",2,118,242,FALSE,1,149,"No",0.3,1,1,"Fixed defect","Have Heart Disease","41-45"
"308",44,"Male",1,120,220,FALSE,1,170,"No",0,2,0,"Fixed defect","Have Heart Disease","41-45"
"309",59,"Male",2,126,218,TRUE,1,134,"No",2.2,1,1,"Normal","No heart disease","56-60"
"310",56,"Female",1,140,294,FALSE,0,153,"No",1.3,1,0,"Fixed defect","Have Heart Disease","56-60"
"311",61,"Male",0,120,260,FALSE,1,140,"Yes",3.6,1,1,"Reversable defect","No heart disease","61-65"
"312",48,"Male",0,130,256,TRUE,0,150,"Yes",0,2,2,"Reversable defect","No heart disease","46-50"
"313",70,"Male",2,160,269,FALSE,1,112,"Yes",2.9,1,1,"Reversable defect","No heart disease","66-70"
"314",74,"Female",1,120,269,FALSE,0,121,"Yes",0.2,2,1,"Fixed defect","Have Heart Disease","72-75"
"315",40,"Male",3,140,199,FALSE,1,178,"Yes",1.4,2,0,"Reversable defect","Have Heart Disease","36-40"
"316",42,"Male",3,148,244,FALSE,0,178,"No",0.8,2,2,"Fixed defect","Have Heart Disease","41-45"
"317",64,"Female",2,140,313,FALSE,1,133,"No",0.2,2,0,"Reversable defect","Have Heart Disease","61-65"
"318",63,"Female",2,135,252,FALSE,0,172,"No",0,2,0,"Fixed defect","Have Heart Disease","61-65"
"319",59,"Male",0,140,177,FALSE,1,162,"Yes",0,2,1,"Reversable defect","No heart disease","56-60"
"320",53,"Female",2,128,216,FALSE,0,115,"No",0,2,0,"Normal","Have Heart Disease","51-55"
"321",53,"Female",0,130,264,FALSE,0,143,"No",0.4,1,0,"Fixed defect","Have Heart Disease","51-55"
"322",48,"Female",2,130,275,FALSE,1,139,"No",0.2,2,0,"Fixed defect","Have Heart Disease","46-50"
"323",45,"Male",0,142,309,FALSE,0,147,"Yes",0,1,3,"Reversable defect","No heart disease","41-45"
"324",66,"Male",1,160,246,FALSE,1,120,"Yes",0,1,3,"Normal","No heart disease","66-70"
"325",48,"Male",1,130,245,FALSE,0,180,"No",0.2,1,0,"Fixed defect","Have Heart Disease","46-50"
"326",56,"Female",1,140,294,FALSE,0,153,"No",1.3,1,0,"Fixed defect","Have Heart Disease","56-60"
"327",54,"Male",1,192,283,FALSE,0,195,"No",0,2,1,"Reversable defect","No heart disease","51-55"
"328",57,"Male",0,150,276,FALSE,0,112,"Yes",0.6,1,1,"Normal","No heart disease","56-60"
"329",70,"Male",0,130,322,FALSE,0,109,"No",2.4,1,3,"Fixed defect","No heart disease","66-70"
"330",53,"Female",2,128,216,FALSE,0,115,"No",0,2,0,"Normal","Have Heart Disease","51-55"
"331",37,"Female",2,120,215,FALSE,1,170,"No",0,2,0,"Fixed defect","Have Heart Disease","36-40"
"332",63,"Female",0,108,269,FALSE,1,169,"Yes",1.8,1,2,"Fixed defect","No heart disease","61-65"
"333",37,"Male",2,130,250,FALSE,1,187,"No",3.5,0,0,"Fixed defect","Have Heart Disease","36-40"
"334",54,"Female",2,110,214,FALSE,1,158,"No",1.6,1,0,"Fixed defect","Have Heart Disease","51-55"
"335",60,"Male",0,130,206,FALSE,0,132,"Yes",2.4,1,2,"Reversable defect","No heart disease","56-60"
"336",58,"Male",0,150,270,FALSE,0,111,"Yes",0.8,2,0,"Reversable defect","No heart disease","56-60"
"337",57,"Male",2,150,126,TRUE,1,173,"No",0.2,2,1,"Reversable defect","Have Heart Disease","56-60"
"338",54,"Male",2,125,273,FALSE,0,152,"No",0.5,0,1,"Fixed defect","Have Heart Disease","51-55"
"339",56,"Male",2,130,256,TRUE,0,142,"Yes",0.6,1,1,"Normal","No heart disease","56-60"
"340",60,"Male",0,130,253,FALSE,1,144,"Yes",1.4,2,1,"Reversable defect","No heart disease","56-60"
"341",38,"Male",2,138,175,FALSE,1,173,"No",0,2,0,"Fixed defect","Have Heart Disease","36-40"
"342",44,"Male",2,120,226,FALSE,1,169,"No",0,2,0,"Fixed defect","Have Heart Disease","41-45"
"343",65,"Female",2,155,269,FALSE,1,148,"No",0.8,2,0,"Fixed defect","Have Heart Disease","61-65"
"344",52,"Male",2,172,199,TRUE,1,162,"No",0.5,2,0,"Reversable defect","Have Heart Disease","51-55"
"345",41,"Male",1,120,157,FALSE,1,182,"No",0,2,0,"Fixed defect","Have Heart Disease","41-45"
"346",66,"Male",1,160,246,FALSE,1,120,"Yes",0,1,3,"Normal","No heart disease","66-70"
"347",50,"Male",0,150,243,FALSE,0,128,"No",2.6,1,0,"Reversable defect","No heart disease","46-50"
"348",54,"Female",2,108,267,FALSE,0,167,"No",0,2,0,"Fixed defect","Have Heart Disease","51-55"
"349",43,"Male",0,132,247,TRUE,0,143,"Yes",0.1,1,0,"Reversable defect","No heart disease","41-45"
"350",62,"Female",2,130,263,FALSE,1,97,"No",1.2,1,1,"Reversable defect","No heart disease","61-65"
"351",66,"Male",0,120,302,FALSE,0,151,"No",0.4,1,0,"Fixed defect","Have Heart Disease","66-70"
"352",50,"Male",0,144,200,FALSE,0,126,"Yes",0.9,1,0,"Reversable defect","No heart disease","46-50"
"353",57,"Male",0,110,335,FALSE,1,143,"Yes",3,1,1,"Reversable defect","No heart disease","56-60"
"354",57,"Male",0,110,201,FALSE,1,126,"Yes",1.5,1,0,"Normal","Have Heart Disease","56-60"
"355",57,"Male",1,124,261,FALSE,1,141,"No",0.3,2,0,"Reversable defect","No heart disease","56-60"
"356",46,"Female",0,138,243,FALSE,0,152,"Yes",0,1,0,"Fixed defect","Have Heart Disease","46-50"
"357",59,"Male",0,164,176,TRUE,0,90,"No",1,1,2,"Normal","No heart disease","56-60"
"358",67,"Male",0,160,286,FALSE,0,108,"Yes",1.5,1,3,"Fixed defect","No heart disease","66-70"
"359",59,"Male",3,134,204,FALSE,1,162,"No",0.8,2,2,"Fixed defect","No heart disease","56-60"
"360",53,"Female",2,128,216,FALSE,0,115,"No",0,2,0,"Normal","Have Heart Disease","51-55"
"361",48,"Male",0,122,222,FALSE,0,186,"No",0,2,0,"Fixed defect","Have Heart Disease","46-50"
"362",62,"Male",2,130,231,FALSE,1,146,"No",1.8,1,3,"Reversable defect","Have Heart Disease","61-65"
"363",43,"Female",2,122,213,FALSE,1,165,"No",0.2,1,0,"Fixed defect","Have Heart Disease","41-45"
"364",53,"Male",2,130,246,TRUE,0,173,"No",0,2,3,"Fixed defect","Have Heart Disease","51-55"
"365",57,"Female",1,130,236,FALSE,0,174,"No",0,1,1,"Fixed defect","No heart disease","56-60"
"366",53,"Male",2,130,246,TRUE,0,173,"No",0,2,3,"Fixed defect","Have Heart Disease","51-55"
"367",58,"Male",2,112,230,FALSE,0,165,"No",2.5,1,1,"Reversable defect","No heart disease","56-60"
"368",48,"Male",1,110,229,FALSE,1,168,"No",1,0,0,"Reversable defect","No heart disease","46-50"
"369",58,"Male",2,105,240,FALSE,0,154,"Yes",0.6,1,0,"Reversable defect","Have Heart Disease","56-60"
"370",51,"Male",2,110,175,FALSE,1,123,"No",0.6,2,0,"Fixed defect","Have Heart Disease","51-55"
"371",43,"Female",0,132,341,TRUE,0,136,"Yes",3,1,0,"Reversable defect","No heart disease","41-45"
"372",55,"Male",0,132,353,FALSE,1,132,"Yes",1.2,1,1,"Reversable defect","No heart disease","51-55"
"373",54,"Female",2,110,214,FALSE,1,158,"No",1.6,1,0,"Fixed defect","Have Heart Disease","51-55"
"374",58,"Male",1,120,284,FALSE,0,160,"No",1.8,1,0,"Fixed defect","No heart disease","56-60"
"375",46,"Female",2,142,177,FALSE,0,160,"Yes",1.4,0,0,"Fixed defect","Have Heart Disease","46-50"
"376",66,"Male",0,160,228,FALSE,0,138,"No",2.3,2,0,"Normal","Have Heart Disease","66-70"
"377",59,"Male",1,140,221,FALSE,1,164,"Yes",0,2,0,"Fixed defect","Have Heart Disease","56-60"
"378",64,"Female",0,130,303,FALSE,1,122,"No",2,1,2,"Fixed defect","Have Heart Disease","61-65"
"379",67,"Male",0,120,237,FALSE,1,71,"No",1,1,0,"Fixed defect","No heart disease","66-70"
"380",52,"Male",3,118,186,FALSE,0,190,"No",0,1,0,"Normal","Have Heart Disease","51-55"
"381",58,"Male",0,146,218,FALSE,1,105,"No",2,1,1,"Reversable defect","No heart disease","56-60"
"382",58,"Male",2,132,224,FALSE,0,173,"No",3.2,2,2,"Reversable defect","No heart disease","56-60"
"383",59,"Male",0,110,239,FALSE,0,142,"Yes",1.2,1,1,"Reversable defect","No heart disease","56-60"
"384",58,"Male",0,150,270,FALSE,0,111,"Yes",0.8,2,0,"Reversable defect","No heart disease","56-60"
"385",35,"Male",0,126,282,FALSE,0,156,"Yes",0,2,0,"Reversable defect","No heart disease","31-35"
"386",51,"Male",2,110,175,FALSE,1,123,"No",0.6,2,0,"Fixed defect","Have Heart Disease","51-55"
"387",42,"Female",2,120,209,FALSE,1,173,"No",0,1,0,"Fixed defect","Have Heart Disease","41-45"
"388",77,"Male",0,125,304,FALSE,0,162,"Yes",0,2,3,"Fixed defect","No heart disease","76-80"
"389",64,"Male",0,120,246,FALSE,0,96,"Yes",2.2,0,1,"Fixed defect","No heart disease","61-65"
"390",63,"Male",3,145,233,TRUE,0,150,"No",2.3,0,0,"Normal","Have Heart Disease","61-65"
"391",58,"Female",1,136,319,TRUE,0,152,"No",0,2,2,"Fixed defect","No heart disease","56-60"
"392",45,"Male",3,110,264,FALSE,1,132,"No",1.2,1,0,"Reversable defect","No heart disease","41-45"
"393",51,"Male",2,110,175,FALSE,1,123,"No",0.6,2,0,"Fixed defect","Have Heart Disease","51-55"
"394",62,"Female",0,160,164,FALSE,0,145,"No",6.2,0,3,"Reversable defect","No heart disease","61-65"
"395",63,"Male",0,130,330,TRUE,0,132,"Yes",1.8,2,3,"Reversable defect","No heart disease","61-65"
"396",66,"Female",2,146,278,FALSE,0,152,"No",0,1,1,"Fixed defect","Have Heart Disease","66-70"
"397",68,"Male",2,180,274,TRUE,0,150,"Yes",1.6,1,0,"Reversable defect","No heart disease","66-70"
"398",40,"Male",0,110,167,FALSE,0,114,"Yes",2,1,0,"Reversable defect","No heart disease","36-40"
"399",66,"Male",0,160,228,FALSE,0,138,"No",2.3,2,0,"Normal","Have Heart Disease","66-70"
"400",63,"Male",3,145,233,TRUE,0,150,"No",2.3,0,0,"Normal","Have Heart Disease","61-65"
"401",49,"Male",2,120,188,FALSE,1,139,"No",2,1,3,"Reversable defect","No heart disease","46-50"
"402",71,"Female",0,112,149,FALSE,1,125,"No",1.6,1,0,"Fixed defect","Have Heart Disease","72-75"
"403",70,"Male",1,156,245,FALSE,0,143,"No",0,2,0,"Fixed defect","Have Heart Disease","66-70"
"404",46,"Female",1,105,204,FALSE,1,172,"No",0,2,0,"Fixed defect","Have Heart Disease","46-50"
"405",61,"Male",0,140,207,FALSE,0,138,"Yes",1.9,2,1,"Reversable defect","No heart disease","61-65"
"406",56,"Male",2,130,256,TRUE,0,142,"Yes",0.6,1,1,"Normal","No heart disease","56-60"
"407",58,"Male",2,140,211,TRUE,0,165,"No",0,2,0,"Fixed defect","Have Heart Disease","56-60"
"408",58,"Male",0,100,234,FALSE,1,156,"No",0.1,2,1,"Reversable defect","No heart disease","56-60"
"409",46,"Female",0,138,243,FALSE,0,152,"Yes",0,1,0,"Fixed defect","Have Heart Disease","46-50"
"410",46,"Male",2,150,231,FALSE,1,147,"No",3.6,1,0,"Fixed defect","No heart disease","46-50"
"411",41,"Female",1,105,198,FALSE,1,168,"No",0,2,1,"Fixed defect","Have Heart Disease","41-45"
"412",56,"Male",0,125,249,TRUE,0,144,"Yes",1.2,1,1,"Fixed defect","No heart disease","56-60"
"413",57,"Male",0,150,276,FALSE,0,112,"Yes",0.6,1,1,"Normal","No heart disease","56-60"
"414",70,"Male",0,130,322,FALSE,0,109,"No",2.4,1,3,"Fixed defect","No heart disease","66-70"
"415",59,"Male",3,170,288,FALSE,0,159,"No",0.2,1,0,"Reversable defect","No heart disease","56-60"
"416",41,"Female",1,130,204,FALSE,0,172,"No",1.4,2,0,"Fixed defect","Have Heart Disease","41-45"
"417",54,"Male",2,125,273,FALSE,0,152,"No",0.5,0,1,"Fixed defect","Have Heart Disease","51-55"
"418",52,"Male",2,138,223,FALSE,1,169,"No",0,2,0,"Fixed defect","Have Heart Disease","51-55"
"419",62,"Female",0,124,209,FALSE,1,163,"No",0,2,0,"Fixed defect","Have Heart Disease","61-65"
"420",65,"Female",2,160,360,FALSE,0,151,"No",0.8,2,0,"Fixed defect","Have Heart Disease","61-65"
"421",57,"Female",0,128,303,FALSE,0,159,"No",0,2,1,"Fixed defect","Have Heart Disease","56-60"
"422",42,"Female",0,102,265,FALSE,0,122,"No",0.6,1,0,"Fixed defect","Have Heart Disease","41-45"
"423",57,"Female",0,120,354,FALSE,1,163,"Yes",0.6,2,0,"Fixed defect","Have Heart Disease","56-60"
"424",58,"Female",1,136,319,TRUE,0,152,"No",0,2,2,"Fixed defect","No heart disease","56-60"
"425",45,"Male",0,142,309,FALSE,0,147,"Yes",0,1,3,"Reversable defect","No heart disease","41-45"
"426",51,"Female",0,130,305,FALSE,1,142,"Yes",1.2,1,0,"Reversable defect","No heart disease","51-55"
"427",54,"Female",2,160,201,FALSE,1,163,"No",0,2,1,"Fixed defect","Have Heart Disease","51-55"
"428",57,"Male",2,150,168,FALSE,1,174,"No",1.6,2,0,"Fixed defect","Have Heart Disease","56-60"
"429",43,"Male",0,132,247,TRUE,0,143,"Yes",0.1,1,0,"Reversable defect","No heart disease","41-45"
"430",47,"Male",2,108,243,FALSE,1,152,"No",0,2,0,"Fixed defect","No heart disease","46-50"
"431",67,"Male",2,152,212,FALSE,0,150,"No",0.8,1,0,"Reversable defect","No heart disease","66-70"
"432",65,"Female",0,150,225,FALSE,0,114,"No",1,1,3,"Reversable defect","No heart disease","61-65"
"433",60,"Female",2,102,318,FALSE,1,160,"No",0,2,1,"Fixed defect","Have Heart Disease","56-60"
"434",37,"Male",2,130,250,FALSE,1,187,"No",3.5,0,0,"Fixed defect","Have Heart Disease","36-40"
"435",41,"Female",2,112,268,FALSE,0,172,"Yes",0,2,0,"Fixed defect","Have Heart Disease","41-45"
"436",57,"Female",0,120,354,FALSE,1,163,"Yes",0.6,2,0,"Fixed defect","Have Heart Disease","56-60"
"437",59,"Female",0,174,249,FALSE,1,143,"Yes",0,1,0,"Fixed defect","No heart disease","56-60"
"438",67,"Male",0,120,229,FALSE,0,129,"Yes",2.6,1,2,"Reversable defect","No heart disease","66-70"
"439",47,"Male",2,130,253,FALSE,1,179,"No",0,2,0,"Fixed defect","Have Heart Disease","46-50"
"440",58,"Male",1,120,284,FALSE,0,160,"No",1.8,1,0,"Fixed defect","No heart disease","56-60"
"441",62,"Female",0,150,244,FALSE,1,154,"Yes",1.4,1,0,"Fixed defect","No heart disease","61-65"
"442",60,"Male",0,140,293,FALSE,0,170,"No",1.2,1,2,"Reversable defect","No heart disease","56-60"
"443",57,"Male",0,152,274,FALSE,1,88,"Yes",1.2,1,1,"Reversable defect","No heart disease","56-60"
"444",57,"Male",2,150,168,FALSE,1,174,"No",1.6,2,0,"Fixed defect","Have Heart Disease","56-60"
"445",47,"Male",2,130,253,FALSE,1,179,"No",0,2,0,"Fixed defect","Have Heart Disease","46-50"
"446",52,"Male",1,128,205,TRUE,1,184,"No",0,2,0,"Fixed defect","Have Heart Disease","51-55"
"447",53,"Male",2,130,246,TRUE,0,173,"No",0,2,3,"Fixed defect","Have Heart Disease","51-55"
"448",55,"Male",0,160,289,FALSE,0,145,"Yes",0.8,1,1,"Reversable defect","No heart disease","51-55"
"449",51,"Female",2,120,295,FALSE,0,157,"No",0.6,2,0,"Fixed defect","Have Heart Disease","51-55"
"450",52,"Male",0,112,230,FALSE,1,160,"No",0,2,1,"Fixed defect","No heart disease","51-55"
"451",63,"Female",0,150,407,FALSE,0,154,"No",4,1,3,"Reversable defect","No heart disease","61-65"
"452",49,"Female",1,134,271,FALSE,1,162,"No",0,1,0,"Fixed defect","Have Heart Disease","46-50"
"453",66,"Female",0,178,228,TRUE,1,165,"Yes",1,1,2,"Reversable defect","No heart disease","66-70"
"454",49,"Female",1,134,271,FALSE,1,162,"No",0,1,0,"Fixed defect","Have Heart Disease","46-50"
"455",65,"Female",0,150,225,FALSE,0,114,"No",1,1,3,"Reversable defect","No heart disease","61-65"
"456",69,"Male",3,160,234,TRUE,0,131,"No",0.1,1,1,"Fixed defect","Have Heart Disease","66-70"
"457",47,"Male",2,108,243,FALSE,1,152,"No",0,2,0,"Fixed defect","No heart disease","46-50"
"458",39,"Female",2,138,220,FALSE,1,152,"No",0,1,0,"Fixed defect","Have Heart Disease","36-40"
"459",43,"Male",0,150,247,FALSE,1,171,"No",1.5,2,0,"Fixed defect","Have Heart Disease","41-45"
"460",51,"Male",0,140,261,FALSE,0,186,"Yes",0,2,0,"Fixed defect","Have Heart Disease","51-55"
"461",69,"Male",2,140,254,FALSE,0,146,"No",2,1,3,"Reversable defect","No heart disease","66-70"
"462",48,"Male",2,124,255,TRUE,1,175,"No",0,2,2,"Fixed defect","Have Heart Disease","46-50"
"463",52,"Male",3,118,186,FALSE,0,190,"No",0,1,0,"Normal","Have Heart Disease","51-55"
"464",43,"Male",0,110,211,FALSE,1,161,"No",0,2,0,"Reversable defect","Have Heart Disease","41-45"
"465",67,"Female",2,115,564,FALSE,0,160,"No",1.6,1,0,"Reversable defect","Have Heart Disease","66-70"
"466",38,"Male",2,138,175,FALSE,1,173,"No",0,2,0,"Fixed defect","Have Heart Disease","36-40"
"467",44,"Male",1,130,219,FALSE,0,188,"No",0,2,0,"Fixed defect","Have Heart Disease","41-45"
"468",47,"Male",0,110,275,FALSE,0,118,"Yes",1,1,1,"Fixed defect","No heart disease","46-50"
"469",61,"Male",2,150,243,TRUE,1,137,"Yes",1,1,0,"Fixed defect","Have Heart Disease","61-65"
"470",67,"Male",0,160,286,FALSE,0,108,"Yes",1.5,1,3,"Fixed defect","No heart disease","66-70"
"471",60,"Female",3,150,240,FALSE,1,171,"No",0.9,2,0,"Fixed defect","Have Heart Disease","56-60"
"472",64,"Female",2,140,313,FALSE,1,133,"No",0.2,2,0,"Reversable defect","Have Heart Disease","61-65"
"473",58,"Female",0,130,197,FALSE,1,131,"No",0.6,1,0,"Fixed defect","Have Heart Disease","56-60"
"474",41,"Male",2,130,214,FALSE,0,168,"No",2,1,0,"Fixed defect","Have Heart Disease","41-45"
"475",48,"Male",1,110,229,FALSE,1,168,"No",1,0,0,"Reversable defect","No heart disease","46-50"
"476",57,"Male",2,150,126,TRUE,1,173,"No",0.2,2,1,"Reversable defect","Have Heart Disease","56-60"
"477",57,"Male",0,165,289,TRUE,0,124,"No",1,1,3,"Reversable defect","No heart disease","56-60"
"478",57,"Male",2,128,229,FALSE,0,150,"No",0.4,1,1,"Reversable defect","No heart disease","56-60"
"479",39,"Male",2,140,321,FALSE,0,182,"No",0,2,0,"Fixed defect","Have Heart Disease","36-40"
"480",58,"Male",0,128,216,FALSE,0,131,"Yes",2.2,1,3,"Reversable defect","No heart disease","56-60"
"481",51,"Female",0,130,305,FALSE,1,142,"Yes",1.2,1,0,"Reversable defect","No heart disease","51-55"
"482",63,"Female",0,150,407,FALSE,0,154,"No",4,1,3,"Reversable defect","No heart disease","61-65"
"483",51,"Male",0,140,298,FALSE,1,122,"Yes",4.2,1,3,"Reversable defect","No heart disease","51-55"
"484",35,"Male",1,122,192,FALSE,1,174,"No",0,2,0,"Fixed defect","Have Heart Disease","31-35"
"485",65,"Male",0,110,248,FALSE,0,158,"No",0.6,2,2,"Normal","No heart disease","61-65"
"486",62,"Male",1,120,281,FALSE,0,103,"No",1.4,1,1,"Reversable defect","No heart disease","61-65"
"487",41,"Male",0,110,172,FALSE,0,158,"No",0,2,0,"Reversable defect","No heart disease","41-45"
"488",65,"Male",0,135,254,FALSE,0,127,"No",2.8,1,1,"Reversable defect","No heart disease","61-65"
"489",54,"Female",1,132,288,TRUE,0,159,"Yes",0,2,1,"Fixed defect","Have Heart Disease","51-55"
"490",61,"Male",2,150,243,TRUE,1,137,"Yes",1,1,0,"Fixed defect","Have Heart Disease","61-65"
"491",57,"Female",0,128,303,FALSE,0,159,"No",0,2,1,"Fixed defect","Have Heart Disease","56-60"
"492",57,"Male",2,150,168,FALSE,1,174,"No",1.6,2,0,"Fixed defect","Have Heart Disease","56-60"
"493",64,"Male",2,125,309,FALSE,1,131,"Yes",1.8,1,0,"Reversable defect","No heart disease","61-65"
"494",55,"Male",0,132,353,FALSE,1,132,"Yes",1.2,1,1,"Reversable defect","No heart disease","51-55"
"495",51,"Male",2,125,245,TRUE,0,166,"No",2.4,1,0,"Fixed defect","Have Heart Disease","51-55"
"496",59,"Male",0,135,234,FALSE,1,161,"No",0.5,1,0,"Reversable defect","Have Heart Disease","56-60"
"497",68,"Male",2,180,274,TRUE,0,150,"Yes",1.6,1,0,"Reversable defect","No heart disease","66-70"
"498",57,"Male",1,154,232,FALSE,0,164,"No",0,2,1,"Fixed defect","No heart disease","56-60"
"499",54,"Male",0,140,239,FALSE,1,160,"No",1.2,2,0,"Fixed defect","Have Heart Disease","51-55"
"500",46,"Female",2,142,177,FALSE,0,160,"Yes",1.4,0,0,"Fixed defect","Have Heart Disease","46-50"
"501",71,"Female",0,112,149,FALSE,1,125,"No",1.6,1,0,"Fixed defect","Have Heart Disease","72-75"
"502",35,"Female",0,138,183,FALSE,1,182,"No",1.4,2,0,"Fixed defect","Have Heart Disease","31-35"
"503",46,"Female",2,142,177,FALSE,0,160,"Yes",1.4,0,0,"Fixed defect","Have Heart Disease","46-50"
"504",45,"Female",1,130,234,FALSE,0,175,"No",0.6,1,0,"Fixed defect","Have Heart Disease","41-45"
"505",47,"Male",2,108,243,FALSE,1,152,"No",0,2,0,"Fixed defect","No heart disease","46-50"
"506",44,"Female",2,118,242,FALSE,1,149,"No",0.3,1,1,"Fixed defect","Have Heart Disease","41-45"
"507",61,"Male",0,120,260,FALSE,1,140,"Yes",3.6,1,1,"Reversable defect","No heart disease","61-65"
"508",41,"Female",1,130,204,FALSE,0,172,"No",1.4,2,0,"Fixed defect","Have Heart Disease","41-45"
"509",56,"Female",0,200,288,TRUE,0,133,"Yes",4,0,2,"Reversable defect","No heart disease","56-60"
"510",55,"Female",0,180,327,FALSE,2,117,"Yes",3.4,1,0,"Fixed defect","No heart disease","51-55"
"511",54,"Female",1,132,288,TRUE,0,159,"Yes",0,2,1,"Fixed defect","Have Heart Disease","51-55"
"512",43,"Male",0,120,177,FALSE,0,120,"Yes",2.5,1,0,"Reversable defect","No heart disease","41-45"
"513",44,"Male",0,112,290,FALSE,0,153,"No",0,2,1,"Fixed defect","No heart disease","41-45"
"514",54,"Male",0,110,206,FALSE,0,108,"Yes",0,1,1,"Fixed defect","No heart disease","51-55"
"515",44,"Male",1,120,220,FALSE,1,170,"No",0,2,0,"Fixed defect","Have Heart Disease","41-45"
"516",49,"Male",2,120,188,FALSE,1,139,"No",2,1,3,"Reversable defect","No heart disease","46-50"
"517",60,"Male",0,130,206,FALSE,0,132,"Yes",2.4,1,2,"Reversable defect","No heart disease","56-60"
"518",41,"Female",1,105,198,FALSE,1,168,"No",0,2,1,"Fixed defect","Have Heart Disease","41-45"
"519",49,"Male",2,120,188,FALSE,1,139,"No",2,1,3,"Reversable defect","No heart disease","46-50"
"520",61,"Male",0,148,203,FALSE,1,161,"No",0,2,1,"Reversable defect","No heart disease","61-65"
"521",59,"Male",0,140,177,FALSE,1,162,"Yes",0,2,1,"Reversable defect","No heart disease","56-60"
"522",58,"Male",1,125,220,FALSE,1,144,"No",0.4,1,0,"Reversable defect","Have Heart Disease","56-60"
"523",67,"Female",2,152,277,FALSE,1,172,"No",0,2,1,"Fixed defect","Have Heart Disease","66-70"
"524",61,"Male",0,148,203,FALSE,1,161,"No",0,2,1,"Reversable defect","No heart disease","61-65"
"525",58,"Male",2,112,230,FALSE,0,165,"No",2.5,1,1,"Reversable defect","No heart disease","56-60"
"526",51,"Female",2,130,256,FALSE,0,149,"No",0.5,2,0,"Fixed defect","Have Heart Disease","51-55"
"527",62,"Female",0,160,164,FALSE,0,145,"No",6.2,0,3,"Reversable defect","No heart disease","61-65"
"528",62,"Female",0,124,209,FALSE,1,163,"No",0,2,0,"Fixed defect","Have Heart Disease","61-65"
"529",59,"Male",3,178,270,FALSE,0,145,"No",4.2,0,0,"Reversable defect","Have Heart Disease","56-60"
"530",69,"Male",3,160,234,TRUE,0,131,"No",0.1,1,1,"Fixed defect","Have Heart Disease","66-70"
"531",60,"Female",0,150,258,FALSE,0,157,"No",2.6,1,2,"Reversable defect","No heart disease","56-60"
"532",65,"Female",2,155,269,FALSE,1,148,"No",0.8,2,0,"Fixed defect","Have Heart Disease","61-65"
"533",63,"Female",0,124,197,FALSE,1,136,"Yes",0,1,0,"Fixed defect","No heart disease","61-65"
"534",53,"Female",0,138,234,FALSE,0,160,"No",0,2,0,"Fixed defect","Have Heart Disease","51-55"
"535",54,"Female",2,108,267,FALSE,0,167,"No",0,2,0,"Fixed defect","Have Heart Disease","51-55"
"536",76,"Female",2,140,197,FALSE,2,116,"No",1.1,1,0,"Fixed defect","Have Heart Disease","76-80"
"537",50,"Female",2,120,219,FALSE,1,158,"No",1.6,1,0,"Fixed defect","Have Heart Disease","46-50"
"538",52,"Male",1,120,325,FALSE,1,172,"No",0.2,2,0,"Fixed defect","Have Heart Disease","51-55"
"539",46,"Male",0,120,249,FALSE,0,144,"No",0.8,2,0,"Reversable defect","No heart disease","46-50"
"540",64,"Male",3,170,227,FALSE,0,155,"No",0.6,1,0,"Reversable defect","Have Heart Disease","61-65"
"541",58,"Male",0,128,259,FALSE,0,130,"Yes",3,1,2,"Reversable defect","No heart disease","56-60"
"542",44,"Male",2,140,235,FALSE,0,180,"No",0,2,0,"Fixed defect","Have Heart Disease","41-45"
"543",62,"Female",0,140,394,FALSE,0,157,"No",1.2,1,0,"Fixed defect","Have Heart Disease","61-65"
"544",59,"Male",3,134,204,FALSE,1,162,"No",0.8,2,2,"Fixed defect","No heart disease","56-60"
"545",54,"Male",2,125,273,FALSE,0,152,"No",0.5,0,1,"Fixed defect","Have Heart Disease","51-55"
"546",48,"Male",1,110,229,FALSE,1,168,"No",1,0,0,"Reversable defect","No heart disease","46-50"
"547",70,"Male",0,130,322,FALSE,0,109,"No",2.4,1,3,"Fixed defect","No heart disease","66-70"
"548",67,"Female",0,106,223,FALSE,1,142,"No",0.3,2,2,"Fixed defect","Have Heart Disease","66-70"
"549",51,"Female",2,120,295,FALSE,0,157,"No",0.6,2,0,"Fixed defect","Have Heart Disease","51-55"
"550",68,"Male",2,118,277,FALSE,1,151,"No",1,2,1,"Reversable defect","Have Heart Disease","66-70"
"551",69,"Male",2,140,254,FALSE,0,146,"No",2,1,3,"Reversable defect","No heart disease","66-70"
"552",54,"Male",0,122,286,FALSE,0,116,"Yes",3.2,1,2,"Fixed defect","No heart disease","51-55"
"553",43,"Female",0,132,341,TRUE,0,136,"Yes",3,1,0,"Reversable defect","No heart disease","41-45"
"554",53,"Male",2,130,197,TRUE,0,152,"No",1.2,0,0,"Fixed defect","Have Heart Disease","51-55"
"555",58,"Male",0,100,234,FALSE,1,156,"No",0.1,2,1,"Reversable defect","No heart disease","56-60"
"556",67,"Male",0,125,254,TRUE,1,163,"No",0.2,1,2,"Reversable defect","No heart disease","66-70"
"557",59,"Male",0,140,177,FALSE,1,162,"Yes",0,2,1,"Reversable defect","No heart disease","56-60"
"558",48,"Male",0,122,222,FALSE,0,186,"No",0,2,0,"Fixed defect","Have Heart Disease","46-50"
"559",39,"Female",2,94,199,FALSE,1,179,"No",0,2,0,"Fixed defect","Have Heart Disease","36-40"
"560",67,"Male",0,120,237,FALSE,1,71,"No",1,1,0,"Fixed defect","No heart disease","66-70"
"561",58,"Female",0,130,197,FALSE,1,131,"No",0.6,1,0,"Fixed defect","Have Heart Disease","56-60"
"562",65,"Female",2,155,269,FALSE,1,148,"No",0.8,2,0,"Fixed defect","Have Heart Disease","61-65"
"563",42,"Female",2,120,209,FALSE,1,173,"No",0,1,0,"Fixed defect","Have Heart Disease","41-45"
"564",44,"Male",0,112,290,FALSE,0,153,"No",0,2,1,"Fixed defect","No heart disease","41-45"
"565",56,"Male",0,132,184,FALSE,0,105,"Yes",2.1,1,1,"Normal","No heart disease","56-60"
"566",53,"Female",0,138,234,FALSE,0,160,"No",0,2,0,"Fixed defect","Have Heart Disease","51-55"
"567",50,"Female",0,110,254,FALSE,0,159,"No",0,2,0,"Fixed defect","Have Heart Disease","46-50"
"568",41,"Male",2,130,214,FALSE,0,168,"No",2,1,0,"Fixed defect","Have Heart Disease","41-45"
"569",54,"Female",2,160,201,FALSE,1,163,"No",0,2,1,"Fixed defect","Have Heart Disease","51-55"
"570",42,"Male",2,120,240,TRUE,1,194,"No",0.8,0,0,"Reversable defect","Have Heart Disease","41-45"
"571",54,"Female",2,135,304,TRUE,1,170,"No",0,2,0,"Fixed defect","Have Heart Disease","51-55"
"572",60,"Male",0,145,282,FALSE,0,142,"Yes",2.8,1,2,"Reversable defect","No heart disease","56-60"
"573",34,"Male",3,118,182,FALSE,0,174,"No",0,2,0,"Fixed defect","Have Heart Disease","31-35"
"574",44,"Male",0,112,290,FALSE,0,153,"No",0,2,1,"Fixed defect","No heart disease","41-45"
"575",60,"Male",0,125,258,FALSE,0,141,"Yes",2.8,1,1,"Reversable defect","No heart disease","56-60"
"576",43,"Male",0,150,247,FALSE,1,171,"No",1.5,2,0,"Fixed defect","Have Heart Disease","41-45"
"577",52,"Male",3,152,298,TRUE,1,178,"No",1.2,1,0,"Reversable defect","Have Heart Disease","51-55"
"578",70,"Male",0,130,322,FALSE,0,109,"No",2.4,1,3,"Fixed defect","No heart disease","66-70"
"579",62,"Female",0,140,394,FALSE,0,157,"No",1.2,1,0,"Fixed defect","Have Heart Disease","61-65"
"580",58,"Male",0,146,218,FALSE,1,105,"No",2,1,1,"Reversable defect","No heart disease","56-60"
"581",46,"Male",1,101,197,TRUE,1,156,"No",0,2,0,"Reversable defect","Have Heart Disease","46-50"
"582",44,"Male",2,140,235,FALSE,0,180,"No",0,2,0,"Fixed defect","Have Heart Disease","41-45"
"583",55,"Male",1,130,262,FALSE,1,155,"No",0,2,0,"Fixed defect","Have Heart Disease","51-55"
"584",43,"Male",0,120,177,FALSE,0,120,"Yes",2.5,1,0,"Reversable defect","No heart disease","41-45"
"585",55,"Male",0,132,353,FALSE,1,132,"Yes",1.2,1,1,"Reversable defect","No heart disease","51-55"
"586",40,"Male",3,140,199,FALSE,1,178,"Yes",1.4,2,0,"Reversable defect","Have Heart Disease","36-40"
"587",64,"Male",2,125,309,FALSE,1,131,"Yes",1.8,1,0,"Reversable defect","No heart disease","61-65"
"588",59,"Male",0,164,176,TRUE,0,90,"No",1,1,2,"Normal","No heart disease","56-60"
"589",61,"Female",0,145,307,FALSE,0,146,"Yes",1,1,0,"Reversable defect","No heart disease","61-65"
"590",54,"Male",0,122,286,FALSE,0,116,"Yes",3.2,1,2,"Fixed defect","No heart disease","51-55"
"591",74,"Female",1,120,269,FALSE,0,121,"Yes",0.2,2,1,"Fixed defect","Have Heart Disease","72-75"
"592",63,"Female",0,108,269,FALSE,1,169,"Yes",1.8,1,2,"Fixed defect","No heart disease","61-65"
"593",70,"Male",2,160,269,FALSE,1,112,"Yes",2.9,1,1,"Reversable defect","No heart disease","66-70"
"594",63,"Female",0,108,269,FALSE,1,169,"Yes",1.8,1,2,"Fixed defect","No heart disease","61-65"
"595",64,"Male",0,145,212,FALSE,0,132,"No",2,1,2,"Normal","No heart disease","61-65"
"596",61,"Male",0,148,203,FALSE,1,161,"No",0,2,1,"Reversable defect","No heart disease","61-65"
"597",59,"Male",1,140,221,FALSE,1,164,"Yes",0,2,0,"Fixed defect","Have Heart Disease","56-60"
"598",38,"Male",2,138,175,FALSE,1,173,"No",0,2,0,"Fixed defect","Have Heart Disease","36-40"
"599",58,"Male",1,120,284,FALSE,0,160,"No",1.8,1,0,"Fixed defect","No heart disease","56-60"
"600",63,"Female",1,140,195,FALSE,1,179,"No",0,2,2,"Fixed defect","Have Heart Disease","61-65"
"601",62,"Female",2,130,263,FALSE,1,97,"No",1.2,1,1,"Reversable defect","No heart disease","61-65"
"602",46,"Male",0,140,311,FALSE,1,120,"Yes",1.8,1,2,"Reversable defect","No heart disease","46-50"
"603",58,"Female",2,120,340,FALSE,1,172,"No",0,2,0,"Fixed defect","Have Heart Disease","56-60"
"604",63,"Female",1,140,195,FALSE,1,179,"No",0,2,2,"Fixed defect","Have Heart Disease","61-65"
"605",47,"Male",2,130,253,FALSE,1,179,"No",0,2,0,"Fixed defect","Have Heart Disease","46-50"
"606",71,"Female",2,110,265,TRUE,0,130,"No",0,2,1,"Fixed defect","Have Heart Disease","72-75"
"607",66,"Male",0,112,212,FALSE,0,132,"Yes",0.1,2,1,"Fixed defect","No heart disease","66-70"
"608",42,"Male",0,136,315,FALSE,1,125,"Yes",1.8,1,0,"Normal","No heart disease","41-45"
"609",64,"Male",0,145,212,FALSE,0,132,"No",2,1,2,"Normal","No heart disease","61-65"
"610",55,"Female",0,180,327,FALSE,2,117,"Yes",3.4,1,0,"Fixed defect","No heart disease","51-55"
"611",43,"Female",0,132,341,TRUE,0,136,"Yes",3,1,0,"Reversable defect","No heart disease","41-45"
"612",55,"Female",0,128,205,FALSE,2,130,"Yes",2,1,1,"Reversable defect","No heart disease","51-55"
"613",58,"Female",0,170,225,TRUE,0,146,"Yes",2.8,1,2,"Normal","No heart disease","56-60"
"614",55,"Male",0,140,217,FALSE,1,111,"Yes",5.6,0,0,"Reversable defect","No heart disease","51-55"
"615",51,"Female",0,130,305,FALSE,1,142,"Yes",1.2,1,0,"Reversable defect","No heart disease","51-55"
"616",50,"Female",2,120,219,FALSE,1,158,"No",1.6,1,0,"Fixed defect","Have Heart Disease","46-50"
"617",43,"Male",0,115,303,FALSE,1,181,"No",1.2,1,0,"Fixed defect","Have Heart Disease","41-45"
"618",41,"Female",1,126,306,FALSE,1,163,"No",0,2,0,"Fixed defect","Have Heart Disease","41-45"
"619",49,"Male",1,130,266,FALSE,1,171,"No",0.6,2,0,"Fixed defect","Have Heart Disease","46-50"
"620",65,"Male",0,110,248,FALSE,0,158,"No",0.6,2,2,"Normal","No heart disease","61-65"
"621",57,"Male",0,152,274,FALSE,1,88,"Yes",1.2,1,1,"Reversable defect","No heart disease","56-60"
"622",48,"Male",0,130,256,TRUE,0,150,"Yes",0,2,2,"Reversable defect","No heart disease","46-50"
"623",62,"Female",0,138,294,TRUE,1,106,"No",1.9,1,3,"Fixed defect","No heart disease","61-65"
"624",61,"Male",3,134,234,FALSE,1,145,"No",2.6,1,2,"Fixed defect","No heart disease","61-65"
"625",59,"Male",3,178,270,FALSE,0,145,"No",4.2,0,0,"Reversable defect","Have Heart Disease","56-60"
"626",69,"Male",2,140,254,FALSE,0,146,"No",2,1,3,"Reversable defect","No heart disease","66-70"
"627",58,"Male",2,132,224,FALSE,0,173,"No",3.2,2,2,"Reversable defect","No heart disease","56-60"
"628",38,"Male",3,120,231,FALSE,1,182,"Yes",3.8,1,0,"Reversable defect","No heart disease","36-40"
"629",69,"Female",3,140,239,FALSE,1,151,"No",1.8,2,2,"Fixed defect","Have Heart Disease","66-70"
"630",65,"Male",3,138,282,TRUE,0,174,"No",1.4,1,1,"Fixed defect","No heart disease","61-65"
"631",45,"Male",3,110,264,FALSE,1,132,"No",1.2,1,0,"Reversable defect","No heart disease","41-45"
"632",49,"Male",1,130,266,FALSE,1,171,"No",0.6,2,0,"Fixed defect","Have Heart Disease","46-50"
"633",45,"Female",1,130,234,FALSE,0,175,"No",0.6,1,0,"Fixed defect","Have Heart Disease","41-45"
"634",61,"Male",0,138,166,FALSE,0,125,"Yes",3.6,1,1,"Fixed defect","No heart disease","61-65"
"635",52,"Male",0,125,212,FALSE,1,168,"No",1,2,2,"Reversable defect","No heart disease","51-55"
"636",53,"Female",0,130,264,FALSE,0,143,"No",0.4,1,0,"Fixed defect","Have Heart Disease","51-55"
"637",59,"Female",0,174,249,FALSE,1,143,"Yes",0,1,0,"Fixed defect","No heart disease","56-60"
"638",58,"Female",2,120,340,FALSE,1,172,"No",0,2,0,"Fixed defect","Have Heart Disease","56-60"
"639",65,"Male",3,138,282,TRUE,0,174,"No",1.4,1,1,"Fixed defect","No heart disease","61-65"
"640",58,"Female",0,130,197,FALSE,1,131,"No",0.6,1,0,"Fixed defect","Have Heart Disease","56-60"
"641",46,"Female",0,138,243,FALSE,0,152,"Yes",0,1,0,"Fixed defect","Have Heart Disease","46-50"
"642",56,"Female",0,134,409,FALSE,0,150,"Yes",1.9,1,2,"Reversable defect","No heart disease","56-60"
"643",64,"Male",0,128,263,FALSE,1,105,"Yes",0.2,1,1,"Reversable defect","Have Heart Disease","61-65"
"644",65,"Male",0,120,177,FALSE,1,140,"No",0.4,2,0,"Reversable defect","Have Heart Disease","61-65"
"645",44,"Male",2,120,226,FALSE,1,169,"No",0,2,0,"Fixed defect","Have Heart Disease","41-45"
"646",50,"Male",0,150,243,FALSE,0,128,"No",2.6,1,0,"Reversable defect","No heart disease","46-50"
"647",47,"Male",2,108,243,FALSE,1,152,"No",0,2,0,"Fixed defect","No heart disease","46-50"
"648",64,"Female",0,130,303,FALSE,1,122,"No",2,1,2,"Fixed defect","Have Heart Disease","61-65"
"649",71,"Female",0,112,149,FALSE,1,125,"No",1.6,1,0,"Fixed defect","Have Heart Disease","72-75"
"650",45,"Female",1,130,234,FALSE,0,175,"No",0.6,1,0,"Fixed defect","Have Heart Disease","41-45"
"651",62,"Male",0,120,267,FALSE,1,99,"Yes",1.8,1,2,"Reversable defect","No heart disease","61-65"
"652",41,"Male",1,120,157,FALSE,1,182,"No",0,2,0,"Fixed defect","Have Heart Disease","41-45"
"653",66,"Female",3,150,226,FALSE,1,114,"No",2.6,0,0,"Fixed defect","Have Heart Disease","66-70"
"654",56,"Male",0,130,283,TRUE,0,103,"Yes",1.6,0,0,"Reversable defect","No heart disease","56-60"
"655",41,"Female",1,126,306,FALSE,1,163,"No",0,2,0,"Fixed defect","Have Heart Disease","41-45"
"656",41,"Male",1,110,235,FALSE,1,153,"No",0,2,0,"Fixed defect","Have Heart Disease","41-45"
"657",57,"Female",1,130,236,FALSE,0,174,"No",0,1,1,"Fixed defect","No heart disease","56-60"
"658",39,"Female",2,138,220,FALSE,1,152,"No",0,1,0,"Fixed defect","Have Heart Disease","36-40"
"659",64,"Male",2,125,309,FALSE,1,131,"Yes",1.8,1,0,"Reversable defect","No heart disease","61-65"
"660",59,"Male",0,138,271,FALSE,0,182,"No",0,2,0,"Fixed defect","Have Heart Disease","56-60"
"661",61,"Male",0,138,166,FALSE,0,125,"Yes",3.6,1,1,"Fixed defect","No heart disease","61-65"
"662",58,"Male",0,114,318,FALSE,2,140,"No",4.4,0,3,"Normal","No heart disease","56-60"
"663",47,"Male",0,112,204,FALSE,1,143,"No",0.1,2,0,"Fixed defect","Have Heart Disease","46-50"
"664",58,"Female",0,100,248,FALSE,0,122,"No",1,1,0,"Fixed defect","Have Heart Disease","56-60"
"665",66,"Female",3,150,226,FALSE,1,114,"No",2.6,0,0,"Fixed defect","Have Heart Disease","66-70"
"666",65,"Female",2,140,417,TRUE,0,157,"No",0.8,2,1,"Fixed defect","Have Heart Disease","61-65"
"667",35,"Male",1,122,192,FALSE,1,174,"No",0,2,0,"Fixed defect","Have Heart Disease","31-35"
"668",57,"Male",1,124,261,FALSE,1,141,"No",0.3,2,0,"Reversable defect","No heart disease","56-60"
"669",29,"Male",1,130,204,FALSE,0,202,"No",0,2,0,"Fixed defect","Have Heart Disease","26-30"
"670",66,"Male",1,160,246,FALSE,1,120,"Yes",0,1,3,"Normal","No heart disease","66-70"
"671",61,"Female",0,130,330,FALSE,0,169,"No",0,2,0,"Fixed defect","No heart disease","61-65"
"672",52,"Male",0,125,212,FALSE,1,168,"No",1,2,2,"Reversable defect","No heart disease","51-55"
"673",68,"Male",2,118,277,FALSE,1,151,"No",1,2,1,"Reversable defect","Have Heart Disease","66-70"
"674",54,"Male",2,120,258,FALSE,0,147,"No",0.4,1,0,"Reversable defect","Have Heart Disease","51-55"
"675",63,"Male",0,130,330,TRUE,0,132,"Yes",1.8,2,3,"Reversable defect","No heart disease","61-65"
"676",58,"Male",0,100,234,FALSE,1,156,"No",0.1,2,1,"Reversable defect","No heart disease","56-60"
"677",60,"Male",0,130,253,FALSE,1,144,"Yes",1.4,2,1,"Reversable defect","No heart disease","56-60"
"678",63,"Male",0,130,254,FALSE,0,147,"No",1.4,1,1,"Reversable defect","No heart disease","61-65"
"679",41,"Female",2,112,268,FALSE,0,172,"Yes",0,2,0,"Fixed defect","Have Heart Disease","41-45"
"680",68,"Male",2,180,274,TRUE,0,150,"Yes",1.6,1,0,"Reversable defect","No heart disease","66-70"
"681",42,"Male",1,120,295,FALSE,1,162,"No",0,2,0,"Fixed defect","Have Heart Disease","41-45"
"682",59,"Male",0,170,326,FALSE,0,140,"Yes",3.4,0,0,"Reversable defect","No heart disease","56-60"
"683",59,"Male",0,164,176,TRUE,0,90,"No",1,1,2,"Normal","No heart disease","56-60"
"684",43,"Male",0,120,177,FALSE,0,120,"Yes",2.5,1,0,"Reversable defect","No heart disease","41-45"
"685",60,"Male",2,140,185,FALSE,0,155,"No",3,1,0,"Fixed defect","No heart disease","56-60"
"686",63,"Female",0,150,407,FALSE,0,154,"No",4,1,3,"Reversable defect","No heart disease","61-65"
"687",52,"Male",0,128,204,TRUE,1,156,"Yes",1,1,0,"Normal","No heart disease","51-55"
"688",58,"Male",0,125,300,FALSE,0,171,"No",0,2,2,"Reversable defect","No heart disease","56-60"
"689",56,"Female",0,200,288,TRUE,0,133,"Yes",4,0,2,"Reversable defect","No heart disease","56-60"
"690",54,"Female",2,135,304,TRUE,1,170,"No",0,2,0,"Fixed defect","Have Heart Disease","51-55"
"691",58,"Male",2,105,240,FALSE,0,154,"Yes",0.6,1,0,"Reversable defect","Have Heart Disease","56-60"
"692",55,"Female",1,135,250,FALSE,0,161,"No",1.4,1,0,"Fixed defect","Have Heart Disease","51-55"
"693",53,"Male",0,140,203,TRUE,0,155,"Yes",3.1,0,0,"Reversable defect","No heart disease","51-55"
"694",63,"Female",1,140,195,FALSE,1,179,"No",0,2,2,"Fixed defect","Have Heart Disease","61-65"
"695",39,"Male",0,118,219,FALSE,1,140,"No",1.2,1,0,"Reversable defect","No heart disease","36-40"
"696",35,"Male",0,126,282,FALSE,0,156,"Yes",0,2,0,"Reversable defect","No heart disease","31-35"
"697",50,"Female",2,120,219,FALSE,1,158,"No",1.6,1,0,"Fixed defect","Have Heart Disease","46-50"
"698",67,"Male",2,152,212,FALSE,0,150,"No",0.8,1,0,"Reversable defect","No heart disease","66-70"
"699",66,"Male",0,112,212,FALSE,0,132,"Yes",0.1,2,1,"Fixed defect","No heart disease","66-70"
"700",35,"Male",0,126,282,FALSE,0,156,"Yes",0,2,0,"Reversable defect","No heart disease","31-35"
"701",41,"Male",2,130,214,FALSE,0,168,"No",2,1,0,"Fixed defect","Have Heart Disease","41-45"
"702",35,"Male",0,120,198,FALSE,1,130,"Yes",1.6,1,0,"Reversable defect","No heart disease","31-35"
"703",71,"Female",1,160,302,FALSE,1,162,"No",0.4,2,2,"Fixed defect","Have Heart Disease","72-75"
"704",57,"Male",0,110,201,FALSE,1,126,"Yes",1.5,1,0,"Normal","Have Heart Disease","56-60"
"705",51,"Male",2,94,227,FALSE,1,154,"Yes",0,2,1,"Reversable defect","Have Heart Disease","51-55"
"706",58,"Male",0,128,216,FALSE,0,131,"Yes",2.2,1,3,"Reversable defect","No heart disease","56-60"
"707",57,"Male",2,128,229,FALSE,0,150,"No",0.4,1,1,"Reversable defect","No heart disease","56-60"
"708",56,"Female",1,140,294,FALSE,0,153,"No",1.3,1,0,"Fixed defect","Have Heart Disease","56-60"
"709",60,"Female",2,120,178,TRUE,1,96,"No",0,2,0,"Fixed defect","Have Heart Disease","56-60"
"710",45,"Male",3,110,264,FALSE,1,132,"No",1.2,1,0,"Reversable defect","No heart disease","41-45"
"711",56,"Male",1,130,221,FALSE,0,163,"No",0,2,0,"Reversable defect","Have Heart Disease","56-60"
"712",35,"Male",0,120,198,FALSE,1,130,"Yes",1.6,1,0,"Reversable defect","No heart disease","31-35"
"713",45,"Female",1,112,160,FALSE,1,138,"No",0,1,0,"Fixed defect","Have Heart Disease","41-45"
"714",66,"Female",3,150,226,FALSE,1,114,"No",2.6,0,0,"Fixed defect","Have Heart Disease","66-70"
"715",51,"Male",3,125,213,FALSE,0,125,"Yes",1.4,2,1,"Fixed defect","Have Heart Disease","51-55"
"716",70,"Male",1,156,245,FALSE,0,143,"No",0,2,0,"Fixed defect","Have Heart Disease","66-70"
"717",55,"Female",0,128,205,FALSE,2,130,"Yes",2,1,1,"Reversable defect","No heart disease","51-55"
"718",56,"Male",2,130,256,TRUE,0,142,"Yes",0.6,1,1,"Normal","No heart disease","56-60"
"719",55,"Female",1,135,250,FALSE,0,161,"No",1.4,1,0,"Fixed defect","Have Heart Disease","51-55"
"720",52,"Male",0,108,233,TRUE,1,147,"No",0.1,2,3,"Reversable defect","Have Heart Disease","51-55"
"721",64,"Male",2,140,335,FALSE,1,158,"No",0,2,0,"Fixed defect","No heart disease","61-65"
"722",45,"Male",0,115,260,FALSE,0,185,"No",0,2,0,"Fixed defect","Have Heart Disease","41-45"
"723",67,"Female",2,152,277,FALSE,1,172,"No",0,2,1,"Fixed defect","Have Heart Disease","66-70"
"724",68,"Female",2,120,211,FALSE,0,115,"No",1.5,1,0,"Fixed defect","Have Heart Disease","66-70"
"725",74,"Female",1,120,269,FALSE,0,121,"Yes",0.2,2,1,"Fixed defect","Have Heart Disease","72-75"
"726",60,"Female",0,150,258,FALSE,0,157,"No",2.6,1,2,"Reversable defect","No heart disease","56-60"
"727",48,"Male",0,124,274,FALSE,0,166,"No",0.5,1,0,"Reversable defect","No heart disease","46-50"
"728",56,"Male",1,130,221,FALSE,0,163,"No",0,2,0,"Reversable defect","Have Heart Disease","56-60"
"729",46,"Male",0,140,311,FALSE,1,120,"Yes",1.8,1,2,"Reversable defect","No heart disease","46-50"
"730",55,"Female",1,135,250,FALSE,0,161,"No",1.4,1,0,"Fixed defect","Have Heart Disease","51-55"
"731",44,"Male",1,120,220,FALSE,1,170,"No",0,2,0,"Fixed defect","Have Heart Disease","41-45"
"732",52,"Male",0,112,230,FALSE,1,160,"No",0,2,1,"Fixed defect","No heart disease","51-55"
"733",51,"Male",2,94,227,FALSE,1,154,"Yes",0,2,1,"Reversable defect","Have Heart Disease","51-55"
"734",44,"Female",2,108,141,FALSE,1,175,"No",0.6,1,0,"Fixed defect","Have Heart Disease","41-45"
"735",52,"Male",0,128,204,TRUE,1,156,"Yes",1,1,0,"Normal","No heart disease","51-55"
"736",50,"Male",2,129,196,FALSE,1,163,"No",0,2,0,"Fixed defect","Have Heart Disease","46-50"
"737",59,"Male",0,110,239,FALSE,0,142,"Yes",1.2,1,1,"Reversable defect","No heart disease","56-60"
"738",67,"Male",0,120,229,FALSE,0,129,"Yes",2.6,1,2,"Reversable defect","No heart disease","66-70"
"739",58,"Male",0,125,300,FALSE,0,171,"No",0,2,2,"Reversable defect","No heart disease","56-60"
"740",52,"Male",0,128,255,FALSE,1,161,"Yes",0,2,1,"Reversable defect","No heart disease","51-55"
"741",44,"Male",2,140,235,FALSE,0,180,"No",0,2,0,"Fixed defect","Have Heart Disease","41-45"
"742",41,"Female",2,112,268,FALSE,0,172,"Yes",0,2,0,"Fixed defect","Have Heart Disease","41-45"
"743",63,"Male",0,130,330,TRUE,0,132,"Yes",1.8,2,3,"Reversable defect","No heart disease","61-65"
"744",58,"Male",1,125,220,FALSE,1,144,"No",0.4,1,0,"Reversable defect","Have Heart Disease","56-60"
"745",60,"Female",2,102,318,FALSE,1,160,"No",0,2,1,"Fixed defect","Have Heart Disease","56-60"
"746",51,"Male",2,100,222,FALSE,1,143,"Yes",1.2,1,0,"Fixed defect","Have Heart Disease","51-55"
"747",64,"Male",2,140,335,FALSE,1,158,"No",0,2,0,"Fixed defect","No heart disease","61-65"
"748",60,"Male",0,117,230,TRUE,1,160,"Yes",1.4,2,2,"Reversable defect","No heart disease","56-60"
"749",44,"Male",2,120,226,FALSE,1,169,"No",0,2,0,"Fixed defect","Have Heart Disease","41-45"
"750",58,"Male",1,125,220,FALSE,1,144,"No",0.4,1,0,"Reversable defect","Have Heart Disease","56-60"
"751",55,"Male",1,130,262,FALSE,1,155,"No",0,2,0,"Fixed defect","Have Heart Disease","51-55"
"752",65,"Female",2,160,360,FALSE,0,151,"No",0.8,2,0,"Fixed defect","Have Heart Disease","61-65"
"753",48,"Male",1,130,245,FALSE,0,180,"No",0.2,1,0,"Fixed defect","Have Heart Disease","46-50"
"754",65,"Male",0,120,177,FALSE,1,140,"No",0.4,2,0,"Reversable defect","Have Heart Disease","61-65"
"755",51,"Female",2,130,256,FALSE,0,149,"No",0.5,2,0,"Fixed defect","Have Heart Disease","51-55"
"756",48,"Male",2,124,255,TRUE,1,175,"No",0,2,2,"Fixed defect","Have Heart Disease","46-50"
"757",64,"Male",0,120,246,FALSE,0,96,"Yes",2.2,0,1,"Fixed defect","No heart disease","61-65"
"758",66,"Male",0,160,228,FALSE,0,138,"No",2.3,2,0,"Normal","Have Heart Disease","66-70"
"759",46,"Female",1,105,204,FALSE,1,172,"No",0,2,0,"Fixed defect","Have Heart Disease","46-50"
"760",61,"Female",0,130,330,FALSE,0,169,"No",0,2,0,"Fixed defect","No heart disease","61-65"
"761",57,"Male",0,150,276,FALSE,0,112,"Yes",0.6,1,1,"Normal","No heart disease","56-60"
"762",49,"Female",0,130,269,FALSE,1,163,"No",0,2,0,"Fixed defect","Have Heart Disease","46-50"
"763",56,"Male",1,130,221,FALSE,0,163,"No",0,2,0,"Reversable defect","Have Heart Disease","56-60"
"764",58,"Female",3,150,283,TRUE,0,162,"No",1,2,0,"Fixed defect","Have Heart Disease","56-60"
"765",63,"Male",0,140,187,FALSE,0,144,"Yes",4,2,2,"Reversable defect","No heart disease","61-65"
"766",57,"Male",0,110,335,FALSE,1,143,"Yes",3,1,1,"Reversable defect","No heart disease","56-60"
"767",57,"Male",0,110,335,FALSE,1,143,"Yes",3,1,1,"Reversable defect","No heart disease","56-60"
"768",68,"Male",0,144,193,TRUE,1,141,"No",3.4,1,2,"Reversable defect","No heart disease","66-70"
"769",46,"Male",1,101,197,TRUE,1,156,"No",0,2,0,"Reversable defect","Have Heart Disease","46-50"
"770",71,"Female",2,110,265,TRUE,0,130,"No",0,2,1,"Fixed defect","Have Heart Disease","72-75"
"771",41,"Male",1,135,203,FALSE,1,132,"No",0,1,0,"Normal","Have Heart Disease","41-45"
"772",45,"Female",0,138,236,FALSE,0,152,"Yes",0.2,1,0,"Fixed defect","Have Heart Disease","41-45"
"773",62,"Female",0,150,244,FALSE,1,154,"Yes",1.4,1,0,"Fixed defect","No heart disease","61-65"
"774",65,"Female",0,150,225,FALSE,0,114,"No",1,1,3,"Reversable defect","No heart disease","61-65"
"775",48,"Female",2,130,275,FALSE,1,139,"No",0.2,2,0,"Fixed defect","Have Heart Disease","46-50"
"776",51,"Male",2,100,222,FALSE,1,143,"Yes",1.2,1,0,"Fixed defect","Have Heart Disease","51-55"
"777",61,"Female",0,145,307,FALSE,0,146,"Yes",1,1,0,"Reversable defect","No heart disease","61-65"
"778",53,"Male",0,123,282,FALSE,1,95,"Yes",2,1,2,"Reversable defect","No heart disease","51-55"
"779",59,"Male",3,134,204,FALSE,1,162,"No",0.8,2,2,"Fixed defect","No heart disease","56-60"
"780",34,"Female",1,118,210,FALSE,1,192,"No",0.7,2,0,"Fixed defect","Have Heart Disease","31-35"
"781",44,"Male",0,120,169,FALSE,1,144,"Yes",2.8,0,0,"Normal","No heart disease","41-45"
"782",58,"Male",0,146,218,FALSE,1,105,"No",2,1,1,"Reversable defect","No heart disease","56-60"
"783",64,"Female",0,130,303,FALSE,1,122,"No",2,1,2,"Fixed defect","Have Heart Disease","61-65"
"784",56,"Male",1,120,240,FALSE,1,169,"No",0,0,0,"Fixed defect","Have Heart Disease","56-60"
"785",54,"Male",2,150,232,FALSE,0,165,"No",1.6,2,0,"Reversable defect","Have Heart Disease","51-55"
"786",55,"Male",0,160,289,FALSE,0,145,"Yes",0.8,1,1,"Reversable defect","No heart disease","51-55"
"787",67,"Male",0,125,254,TRUE,1,163,"No",0.2,1,2,"Reversable defect","No heart disease","66-70"
"788",51,"Male",0,140,298,FALSE,1,122,"Yes",4.2,1,3,"Reversable defect","No heart disease","51-55"
"789",62,"Female",0,138,294,TRUE,1,106,"No",1.9,1,3,"Fixed defect","No heart disease","61-65"
"790",62,"Male",1,120,281,FALSE,0,103,"No",1.4,1,1,"Reversable defect","No heart disease","61-65"
"791",54,"Male",0,110,239,FALSE,1,126,"Yes",2.8,1,1,"Reversable defect","No heart disease","51-55"
"792",54,"Male",0,110,239,FALSE,1,126,"Yes",2.8,1,1,"Reversable defect","No heart disease","51-55"
"793",68,"Male",0,144,193,TRUE,1,141,"No",3.4,1,2,"Reversable defect","No heart disease","66-70"
"794",60,"Female",2,120,178,TRUE,1,96,"No",0,2,0,"Fixed defect","Have Heart Disease","56-60"
"795",61,"Male",3,134,234,FALSE,1,145,"No",2.6,1,2,"Fixed defect","No heart disease","61-65"
"796",62,"Male",1,128,208,TRUE,0,140,"No",0,2,0,"Fixed defect","Have Heart Disease","61-65"
"797",41,"Male",1,135,203,FALSE,1,132,"No",0,1,0,"Normal","Have Heart Disease","41-45"
"798",65,"Female",0,150,225,FALSE,0,114,"No",1,1,3,"Reversable defect","No heart disease","61-65"
"799",59,"Male",3,170,288,FALSE,0,159,"No",0.2,1,0,"Reversable defect","No heart disease","56-60"
"800",43,"Male",0,115,303,FALSE,1,181,"No",1.2,1,0,"Fixed defect","Have Heart Disease","41-45"
"801",67,"Male",0,120,229,FALSE,0,129,"Yes",2.6,1,2,"Reversable defect","No heart disease","66-70"
"802",63,"Male",3,145,233,TRUE,0,150,"No",2.3,0,0,"Normal","Have Heart Disease","61-65"
"803",63,"Female",0,124,197,FALSE,1,136,"Yes",0,1,0,"Fixed defect","No heart disease","61-65"
"804",52,"Male",0,112,230,FALSE,1,160,"No",0,2,1,"Fixed defect","No heart disease","51-55"
"805",58,"Female",0,130,197,FALSE,1,131,"No",0.6,1,0,"Fixed defect","Have Heart Disease","56-60"
"806",53,"Male",0,142,226,FALSE,0,111,"Yes",0,2,0,"Reversable defect","Have Heart Disease","51-55"
"807",57,"Male",0,150,276,FALSE,0,112,"Yes",0.6,1,1,"Normal","No heart disease","56-60"
"808",44,"Male",2,130,233,FALSE,1,179,"Yes",0.4,2,0,"Fixed defect","Have Heart Disease","41-45"
"809",51,"Male",2,94,227,FALSE,1,154,"Yes",0,2,1,"Reversable defect","Have Heart Disease","51-55"
"810",54,"Female",2,110,214,FALSE,1,158,"No",1.6,1,0,"Fixed defect","Have Heart Disease","51-55"
"811",40,"Male",0,110,167,FALSE,0,114,"Yes",2,1,0,"Reversable defect","No heart disease","36-40"
"812",57,"Male",1,124,261,FALSE,1,141,"No",0.3,2,0,"Reversable defect","No heart disease","56-60"
"813",62,"Female",0,140,268,FALSE,0,160,"No",3.6,0,2,"Fixed defect","No heart disease","61-65"
"814",53,"Male",0,140,203,TRUE,0,155,"Yes",3.1,0,0,"Reversable defect","No heart disease","51-55"
"815",62,"Male",1,128,208,TRUE,0,140,"No",0,2,0,"Fixed defect","Have Heart Disease","61-65"
"816",58,"Male",2,105,240,FALSE,0,154,"Yes",0.6,1,0,"Reversable defect","Have Heart Disease","56-60"
"817",70,"Male",1,156,245,FALSE,0,143,"No",0,2,0,"Fixed defect","Have Heart Disease","66-70"
"818",45,"Male",0,115,260,FALSE,0,185,"No",0,2,0,"Fixed defect","Have Heart Disease","41-45"
"819",42,"Male",3,148,244,FALSE,0,178,"No",0.8,2,2,"Fixed defect","Have Heart Disease","41-45"
"820",58,"Female",0,170,225,TRUE,0,146,"Yes",2.8,1,2,"Normal","No heart disease","56-60"
"821",61,"Male",0,140,207,FALSE,0,138,"Yes",1.9,2,1,"Reversable defect","No heart disease","61-65"
"822",62,"Female",0,140,268,FALSE,0,160,"No",3.6,0,2,"Fixed defect","No heart disease","61-65"
"823",60,"Male",0,130,253,FALSE,1,144,"Yes",1.4,2,1,"Reversable defect","No heart disease","56-60"
"824",54,"Male",0,140,239,FALSE,1,160,"No",1.2,2,0,"Fixed defect","Have Heart Disease","51-55"
"825",61,"Male",0,138,166,FALSE,0,125,"Yes",3.6,1,1,"Fixed defect","No heart disease","61-65"
"826",63,"Female",2,135,252,FALSE,0,172,"No",0,2,0,"Fixed defect","Have Heart Disease","61-65"
"827",42,"Male",2,130,180,FALSE,1,150,"No",0,2,0,"Fixed defect","Have Heart Disease","41-45"
"828",57,"Male",2,128,229,FALSE,0,150,"No",0.4,1,1,"Reversable defect","No heart disease","56-60"
"829",44,"Male",2,130,233,FALSE,1,179,"Yes",0.4,2,0,"Fixed defect","Have Heart Disease","41-45"
"830",54,"Male",0,124,266,FALSE,0,109,"Yes",2.2,1,1,"Reversable defect","No heart disease","51-55"
"831",51,"Male",2,100,222,FALSE,1,143,"Yes",1.2,1,0,"Fixed defect","Have Heart Disease","51-55"
"832",58,"Male",1,125,220,FALSE,1,144,"No",0.4,1,0,"Reversable defect","Have Heart Disease","56-60"
"833",68,"Male",2,118,277,FALSE,1,151,"No",1,2,1,"Reversable defect","Have Heart Disease","66-70"
"834",55,"Male",0,140,217,FALSE,1,111,"Yes",5.6,0,0,"Reversable defect","No heart disease","51-55"
"835",42,"Male",0,136,315,FALSE,1,125,"Yes",1.8,1,0,"Normal","No heart disease","41-45"
"836",49,"Male",2,118,149,FALSE,0,126,"No",0.8,2,3,"Fixed defect","No heart disease","46-50"
"837",53,"Female",0,138,234,FALSE,0,160,"No",0,2,0,"Fixed defect","Have Heart Disease","51-55"
"838",52,"Male",2,172,199,TRUE,1,162,"No",0.5,2,0,"Reversable defect","Have Heart Disease","51-55"
"839",51,"Male",3,125,213,FALSE,0,125,"Yes",1.4,2,1,"Fixed defect","Have Heart Disease","51-55"
"840",51,"Male",0,140,261,FALSE,0,186,"Yes",0,2,0,"Fixed defect","Have Heart Disease","51-55"
"841",70,"Male",0,145,174,FALSE,1,125,"Yes",2.6,0,0,"Reversable defect","No heart disease","66-70"
"842",35,"Female",0,138,183,FALSE,1,182,"No",1.4,2,0,"Fixed defect","Have Heart Disease","31-35"
"843",58,"Male",2,112,230,FALSE,0,165,"No",2.5,1,1,"Reversable defect","No heart disease","56-60"
"844",59,"Male",3,160,273,FALSE,0,125,"No",0,2,0,"Fixed defect","No heart disease","56-60"
"845",60,"Male",0,140,293,FALSE,0,170,"No",1.2,1,2,"Reversable defect","No heart disease","56-60"
"846",56,"Male",0,132,184,FALSE,0,105,"Yes",2.1,1,1,"Normal","No heart disease","56-60"
"847",35,"Female",0,138,183,FALSE,1,182,"No",1.4,2,0,"Fixed defect","Have Heart Disease","31-35"
"848",61,"Male",0,138,166,FALSE,0,125,"Yes",3.6,1,1,"Fixed defect","No heart disease","61-65"
"849",58,"Female",3,150,283,TRUE,0,162,"No",1,2,0,"Fixed defect","Have Heart Disease","56-60"
"850",52,"Male",0,128,255,FALSE,1,161,"Yes",0,2,1,"Reversable defect","No heart disease","51-55"
"851",58,"Male",1,120,284,FALSE,0,160,"No",1.8,1,0,"Fixed defect","No heart disease","56-60"
"852",37,"Male",2,130,250,FALSE,1,187,"No",3.5,0,0,"Fixed defect","Have Heart Disease","36-40"
"853",52,"Male",0,128,255,FALSE,1,161,"Yes",0,2,1,"Reversable defect","No heart disease","51-55"
"854",67,"Male",0,120,229,FALSE,0,129,"Yes",2.6,1,2,"Reversable defect","No heart disease","66-70"
"855",65,"Male",3,138,282,TRUE,0,174,"No",1.4,1,1,"Fixed defect","No heart disease","61-65"
"856",46,"Male",1,101,197,TRUE,1,156,"No",0,2,0,"Reversable defect","Have Heart Disease","46-50"
"857",68,"Female",2,120,211,FALSE,0,115,"No",1.5,1,0,"Fixed defect","Have Heart Disease","66-70"
"858",43,"Male",0,115,303,FALSE,1,181,"No",1.2,1,0,"Fixed defect","Have Heart Disease","41-45"
"859",68,"Female",2,120,211,FALSE,0,115,"No",1.5,1,0,"Fixed defect","Have Heart Disease","66-70"
"860",51,"Male",0,140,299,FALSE,1,173,"Yes",1.6,2,0,"Reversable defect","No heart disease","51-55"
"861",52,"Male",0,112,230,FALSE,1,160,"No",0,2,1,"Fixed defect","No heart disease","51-55"
"862",64,"Male",2,140,335,FALSE,1,158,"No",0,2,0,"Fixed defect","No heart disease","61-65"
"863",59,"Male",3,170,288,FALSE,0,159,"No",0.2,1,0,"Reversable defect","No heart disease","56-60"
"864",52,"Male",0,125,212,FALSE,1,168,"No",1,2,2,"Reversable defect","No heart disease","51-55"
"865",59,"Male",3,160,273,FALSE,0,125,"No",0,2,0,"Fixed defect","No heart disease","56-60"
"866",60,"Female",3,150,240,FALSE,1,171,"No",0.9,2,0,"Fixed defect","Have Heart Disease","56-60"
"867",41,"Male",2,112,250,FALSE,1,179,"No",0,2,0,"Fixed defect","Have Heart Disease","41-45"
"868",41,"Male",1,110,235,FALSE,1,153,"No",0,2,0,"Fixed defect","Have Heart Disease","41-45"
"869",56,"Male",1,120,240,FALSE,1,169,"No",0,0,0,"Fixed defect","Have Heart Disease","56-60"
"870",56,"Male",1,120,236,FALSE,1,178,"No",0.8,2,0,"Fixed defect","Have Heart Disease","56-60"
"871",48,"Female",2,130,275,FALSE,1,139,"No",0.2,2,0,"Fixed defect","Have Heart Disease","46-50"
"872",39,"Male",2,140,321,FALSE,0,182,"No",0,2,0,"Fixed defect","Have Heart Disease","36-40"
"873",64,"Male",3,170,227,FALSE,0,155,"No",0.6,1,0,"Reversable defect","Have Heart Disease","61-65"
"874",57,"Male",0,140,192,FALSE,1,148,"No",0.4,1,0,"Normal","Have Heart Disease","56-60"
"875",59,"Male",3,160,273,FALSE,0,125,"No",0,2,0,"Fixed defect","No heart disease","56-60"
"876",60,"Male",0,130,206,FALSE,0,132,"Yes",2.4,1,2,"Reversable defect","No heart disease","56-60"
"877",61,"Male",0,140,207,FALSE,0,138,"Yes",1.9,2,1,"Reversable defect","No heart disease","61-65"
"878",43,"Female",2,122,213,FALSE,1,165,"No",0.2,1,0,"Fixed defect","Have Heart Disease","41-45"
"879",54,"Male",0,120,188,FALSE,1,113,"No",1.4,1,1,"Reversable defect","No heart disease","51-55"
"880",59,"Male",0,138,271,FALSE,0,182,"No",0,2,0,"Fixed defect","Have Heart Disease","56-60"
"881",57,"Male",0,132,207,FALSE,1,168,"Yes",0,2,0,"Reversable defect","Have Heart Disease","56-60"
"882",57,"Male",1,154,232,FALSE,0,164,"No",0,2,1,"Fixed defect","No heart disease","56-60"
"883",57,"Male",0,130,131,FALSE,1,115,"Yes",1.2,1,1,"Reversable defect","No heart disease","56-60"
"884",48,"Male",0,124,274,FALSE,0,166,"No",0.5,1,0,"Reversable defect","No heart disease","46-50"
"885",70,"Male",0,145,174,FALSE,1,125,"Yes",2.6,0,0,"Reversable defect","No heart disease","66-70"
"886",57,"Male",0,165,289,TRUE,0,124,"No",1,1,3,"Reversable defect","No heart disease","56-60"
"887",61,"Male",0,120,260,FALSE,1,140,"Yes",3.6,1,1,"Reversable defect","No heart disease","61-65"
"888",57,"Male",0,110,201,FALSE,1,126,"Yes",1.5,1,0,"Normal","Have Heart Disease","56-60"
"889",60,"Female",0,150,258,FALSE,0,157,"No",2.6,1,2,"Reversable defect","No heart disease","56-60"
"890",63,"Female",0,150,407,FALSE,0,154,"No",4,1,3,"Reversable defect","No heart disease","61-65"
"891",55,"Female",0,128,205,FALSE,2,130,"Yes",2,1,1,"Reversable defect","No heart disease","51-55"
"892",64,"Female",0,180,325,FALSE,1,154,"Yes",0,2,0,"Fixed defect","Have Heart Disease","61-65"
"893",54,"Male",0,110,239,FALSE,1,126,"Yes",2.8,1,1,"Reversable defect","No heart disease","51-55"
"894",52,"Male",0,128,204,TRUE,1,156,"Yes",1,1,0,"Normal","No heart disease","51-55"
"895",51,"Male",0,140,299,FALSE,1,173,"Yes",1.6,2,0,"Reversable defect","No heart disease","51-55"
"896",62,"Female",2,130,263,FALSE,1,97,"No",1.2,1,1,"Reversable defect","No heart disease","61-65"
"897",59,"Male",3,178,270,FALSE,0,145,"No",4.2,0,0,"Reversable defect","Have Heart Disease","56-60"
"898",52,"Male",1,134,201,FALSE,1,158,"No",0.8,2,1,"Fixed defect","Have Heart Disease","51-55"
"899",42,"Female",0,102,265,FALSE,0,122,"No",0.6,1,0,"Fixed defect","Have Heart Disease","41-45"
"900",59,"Male",0,135,234,FALSE,1,161,"No",0.5,1,0,"Reversable defect","Have Heart Disease","56-60"
"901",61,"Male",3,134,234,FALSE,1,145,"No",2.6,1,2,"Fixed defect","No heart disease","61-65"
"902",42,"Female",0,102,265,FALSE,0,122,"No",0.6,1,0,"Fixed defect","Have Heart Disease","41-45"
"903",62,"Female",0,140,268,FALSE,0,160,"No",3.6,0,2,"Fixed defect","No heart disease","61-65"
"904",59,"Male",2,126,218,TRUE,1,134,"No",2.2,1,1,"Normal","No heart disease","56-60"
"905",55,"Male",1,130,262,FALSE,1,155,"No",0,2,0,"Fixed defect","Have Heart Disease","51-55"
"906",64,"Male",0,120,246,FALSE,0,96,"Yes",2.2,0,1,"Fixed defect","No heart disease","61-65"
"907",42,"Male",0,140,226,FALSE,1,178,"No",0,2,0,"Fixed defect","Have Heart Disease","41-45"
"908",50,"Female",1,120,244,FALSE,1,162,"No",1.1,2,0,"Fixed defect","Have Heart Disease","46-50"
"909",62,"Male",0,120,267,FALSE,1,99,"Yes",1.8,1,2,"Reversable defect","No heart disease","61-65"
"910",50,"Male",0,144,200,FALSE,0,126,"Yes",0.9,1,0,"Reversable defect","No heart disease","46-50"
"911",50,"Male",2,140,233,FALSE,1,163,"No",0.6,1,1,"Reversable defect","No heart disease","46-50"
"912",58,"Female",1,136,319,TRUE,0,152,"No",0,2,2,"Fixed defect","No heart disease","56-60"
"913",35,"Male",0,120,198,FALSE,1,130,"Yes",1.6,1,0,"Reversable defect","No heart disease","31-35"
"914",45,"Male",0,104,208,FALSE,0,148,"Yes",3,1,0,"Fixed defect","Have Heart Disease","41-45"
"915",66,"Male",0,112,212,FALSE,0,132,"Yes",0.1,2,1,"Fixed defect","No heart disease","66-70"
"916",46,"Male",0,120,249,FALSE,0,144,"No",0.8,2,0,"Reversable defect","No heart disease","46-50"
"917",65,"Male",0,135,254,FALSE,0,127,"No",2.8,1,1,"Reversable defect","No heart disease","61-65"
"918",47,"Male",2,130,253,FALSE,1,179,"No",0,2,0,"Fixed defect","Have Heart Disease","46-50"
"919",59,"Male",3,134,204,FALSE,1,162,"No",0.8,2,2,"Fixed defect","No heart disease","56-60"
"920",38,"Male",3,120,231,FALSE,1,182,"Yes",3.8,1,0,"Reversable defect","No heart disease","36-40"
"921",39,"Male",0,118,219,FALSE,1,140,"No",1.2,1,0,"Reversable defect","No heart disease","36-40"
"922",58,"Male",0,146,218,FALSE,1,105,"No",2,1,1,"Reversable defect","No heart disease","56-60"
"923",44,"Male",1,120,263,FALSE,1,173,"No",0,2,0,"Reversable defect","Have Heart Disease","41-45"
"924",54,"Male",0,140,239,FALSE,1,160,"No",1.2,2,0,"Fixed defect","Have Heart Disease","51-55"
"925",61,"Female",0,130,330,FALSE,0,169,"No",0,2,0,"Fixed defect","No heart disease","61-65"
"926",57,"Male",0,130,131,FALSE,1,115,"Yes",1.2,1,1,"Reversable defect","No heart disease","56-60"
"927",54,"Male",0,110,206,FALSE,0,108,"Yes",0,1,1,"Fixed defect","No heart disease","51-55"
"928",42,"Male",2,120,240,TRUE,1,194,"No",0.8,0,0,"Reversable defect","Have Heart Disease","41-45"
"929",54,"Male",0,124,266,FALSE,0,109,"Yes",2.2,1,1,"Reversable defect","No heart disease","51-55"
"930",60,"Male",0,130,206,FALSE,0,132,"Yes",2.4,1,2,"Reversable defect","No heart disease","56-60"
"931",65,"Male",0,135,254,FALSE,0,127,"No",2.8,1,1,"Reversable defect","No heart disease","61-65"
"932",40,"Male",0,152,223,FALSE,1,181,"No",0,2,0,"Reversable defect","No heart disease","36-40"
"933",51,"Female",2,140,308,FALSE,0,142,"No",1.5,2,1,"Fixed defect","Have Heart Disease","51-55"
"934",38,"Male",3,120,231,FALSE,1,182,"Yes",3.8,1,0,"Reversable defect","No heart disease","36-40"
"935",42,"Male",2,130,180,FALSE,1,150,"No",0,2,0,"Fixed defect","Have Heart Disease","41-45"
"936",56,"Male",1,120,240,FALSE,1,169,"No",0,0,0,"Fixed defect","Have Heart Disease","56-60"
"937",43,"Male",2,130,315,FALSE,1,162,"No",1.9,2,1,"Fixed defect","Have Heart Disease","41-45"
"938",64,"Male",2,140,335,FALSE,1,158,"No",0,2,0,"Fixed defect","No heart disease","61-65"
"939",53,"Male",0,142,226,FALSE,0,111,"Yes",0,2,0,"Reversable defect","Have Heart Disease","51-55"
"940",49,"Female",1,134,271,FALSE,1,162,"No",0,1,0,"Fixed defect","Have Heart Disease","46-50"
"941",57,"Female",0,140,241,FALSE,1,123,"Yes",0.2,1,0,"Reversable defect","No heart disease","56-60"
"942",52,"Female",2,136,196,FALSE,0,169,"No",0.1,1,0,"Fixed defect","Have Heart Disease","51-55"
"943",69,"Female",3,140,239,FALSE,1,151,"No",1.8,2,2,"Fixed defect","Have Heart Disease","66-70"
"944",65,"Male",0,120,177,FALSE,1,140,"No",0.4,2,0,"Reversable defect","Have Heart Disease","61-65"
"945",66,"Female",0,178,228,TRUE,1,165,"Yes",1,1,2,"Reversable defect","No heart disease","66-70"
"946",56,"Male",3,120,193,FALSE,0,162,"No",1.9,1,0,"Reversable defect","Have Heart Disease","56-60"
"947",67,"Female",2,152,277,FALSE,1,172,"No",0,2,1,"Fixed defect","Have Heart Disease","66-70"
"948",54,"Female",2,160,201,FALSE,1,163,"No",0,2,1,"Fixed defect","Have Heart Disease","51-55"
"949",70,"Male",0,145,174,FALSE,1,125,"Yes",2.6,0,0,"Reversable defect","No heart disease","66-70"
"950",57,"Male",0,132,207,FALSE,1,168,"Yes",0,2,0,"Reversable defect","Have Heart Disease","56-60"
"951",67,"Male",0,160,286,FALSE,0,108,"Yes",1.5,1,3,"Fixed defect","No heart disease","66-70"
"952",62,"Female",2,130,263,FALSE,1,97,"No",1.2,1,1,"Reversable defect","No heart disease","61-65"
"953",54,"Female",2,135,304,TRUE,1,170,"No",0,2,0,"Fixed defect","Have Heart Disease","51-55"
"954",45,"Female",0,138,236,FALSE,0,152,"Yes",0.2,1,0,"Fixed defect","Have Heart Disease","41-45"
"955",53,"Female",0,130,264,FALSE,0,143,"No",0.4,1,0,"Fixed defect","Have Heart Disease","51-55"
"956",62,"Male",2,130,231,FALSE,1,146,"No",1.8,1,3,"Reversable defect","Have Heart Disease","61-65"
"957",49,"Female",0,130,269,FALSE,1,163,"No",0,2,0,"Fixed defect","Have Heart Disease","46-50"
"958",50,"Male",2,140,233,FALSE,1,163,"No",0.6,1,1,"Reversable defect","No heart disease","46-50"
"959",65,"Female",2,140,417,TRUE,0,157,"No",0.8,2,1,"Fixed defect","Have Heart Disease","61-65"
"960",69,"Female",3,140,239,FALSE,1,151,"No",1.8,2,2,"Fixed defect","Have Heart Disease","66-70"
"961",52,"Female",2,136,196,FALSE,0,169,"No",0.1,1,0,"Fixed defect","Have Heart Disease","51-55"
"962",58,"Female",0,100,248,FALSE,0,122,"No",1,1,0,"Fixed defect","Have Heart Disease","56-60"
"963",52,"Male",0,108,233,TRUE,1,147,"No",0.1,2,3,"Reversable defect","Have Heart Disease","51-55"
"964",57,"Female",0,140,241,FALSE,1,123,"Yes",0.2,1,0,"Reversable defect","No heart disease","56-60"
"965",44,"Female",2,108,141,FALSE,1,175,"No",0.6,1,0,"Fixed defect","Have Heart Disease","41-45"
"966",76,"Female",2,140,197,FALSE,2,116,"No",1.1,1,0,"Fixed defect","Have Heart Disease","76-80"
"967",58,"Male",0,128,259,FALSE,0,130,"Yes",3,1,2,"Reversable defect","No heart disease","56-60"
"968",60,"Female",2,120,178,TRUE,1,96,"No",0,2,0,"Fixed defect","Have Heart Disease","56-60"
"969",53,"Male",0,140,203,TRUE,0,155,"Yes",3.1,0,0,"Reversable defect","No heart disease","51-55"
"970",52,"Male",1,120,325,FALSE,1,172,"No",0.2,2,0,"Fixed defect","Have Heart Disease","51-55"
"971",38,"Male",2,138,175,FALSE,1,173,"No",0,2,0,"Fixed defect","Have Heart Disease","36-40"
"972",52,"Male",2,172,199,TRUE,1,162,"No",0.5,2,0,"Reversable defect","Have Heart Disease","51-55"
"973",52,"Male",3,118,186,FALSE,0,190,"No",0,1,0,"Normal","Have Heart Disease","51-55"
"974",51,"Male",2,125,245,TRUE,0,166,"No",2.4,1,0,"Fixed defect","Have Heart Disease","51-55"
"975",43,"Male",0,110,211,FALSE,1,161,"No",0,2,0,"Reversable defect","Have Heart Disease","41-45"
"976",39,"Male",0,118,219,FALSE,1,140,"No",1.2,1,0,"Reversable defect","No heart disease","36-40"
"977",63,"Female",0,108,269,FALSE,1,169,"Yes",1.8,1,2,"Fixed defect","No heart disease","61-65"
"978",52,"Male",1,128,205,TRUE,1,184,"No",0,2,0,"Fixed defect","Have Heart Disease","51-55"
"979",44,"Male",0,110,197,FALSE,0,177,"No",0,2,1,"Fixed defect","No heart disease","41-45"
"980",45,"Male",0,142,309,FALSE,0,147,"Yes",0,1,3,"Reversable defect","No heart disease","41-45"
"981",57,"Male",0,140,192,FALSE,1,148,"No",0.4,1,0,"Normal","Have Heart Disease","56-60"
"982",39,"Male",0,118,219,FALSE,1,140,"No",1.2,1,0,"Reversable defect","No heart disease","36-40"
"983",67,"Female",0,106,223,FALSE,1,142,"No",0.3,2,2,"Fixed defect","Have Heart Disease","66-70"
"984",64,"Male",0,128,263,FALSE,1,105,"Yes",0.2,1,1,"Reversable defect","Have Heart Disease","61-65"
"985",59,"Male",0,135,234,FALSE,1,161,"No",0.5,1,0,"Reversable defect","Have Heart Disease","56-60"
"986",62,"Male",2,130,231,FALSE,1,146,"No",1.8,1,3,"Reversable defect","Have Heart Disease","61-65"
"987",55,"Female",0,180,327,FALSE,2,117,"Yes",3.4,1,0,"Fixed defect","No heart disease","51-55"
"988",57,"Male",1,154,232,FALSE,0,164,"No",0,2,1,"Fixed defect","No heart disease","56-60"
"989",60,"Male",0,140,293,FALSE,0,170,"No",1.2,1,2,"Reversable defect","No heart disease","56-60"
"990",71,"Female",1,160,302,FALSE,1,162,"No",0.4,2,2,"Fixed defect","Have Heart Disease","72-75"
"991",56,"Male",1,120,236,FALSE,1,178,"No",0.8,2,0,"Fixed defect","Have Heart Disease","56-60"
"992",60,"Male",0,117,230,TRUE,1,160,"Yes",1.4,2,2,"Reversable defect","No heart disease","56-60"
"993",50,"Female",0,110,254,FALSE,0,159,"No",0,2,0,"Fixed defect","Have Heart Disease","46-50"
"994",43,"Male",0,132,247,TRUE,0,143,"Yes",0.1,1,0,"Reversable defect","No heart disease","41-45"
"995",59,"Male",0,110,239,FALSE,0,142,"Yes",1.2,1,1,"Reversable defect","No heart disease","56-60"
"996",44,"Male",1,120,263,FALSE,1,173,"No",0,2,0,"Reversable defect","Have Heart Disease","41-45"
"997",56,"Female",0,134,409,FALSE,0,150,"Yes",1.9,1,2,"Reversable defect","No heart disease","56-60"
"998",54,"Male",0,120,188,FALSE,1,113,"No",1.4,1,1,"Reversable defect","No heart disease","51-55"
"999",42,"Male",0,136,315,FALSE,1,125,"Yes",1.8,1,0,"Normal","No heart disease","41-45"
"1000",67,"Male",0,125,254,TRUE,1,163,"No",0.2,1,2,"Reversable defect","No heart disease","66-70"
"1001",64,"Male",0,145,212,FALSE,0,132,"No",2,1,2,"Normal","No heart disease","61-65"
"1002",42,"Male",0,140,226,FALSE,1,178,"No",0,2,0,"Fixed defect","Have Heart Disease","41-45"
"1003",66,"Male",0,112,212,FALSE,0,132,"Yes",0.1,2,1,"Fixed defect","No heart disease","66-70"
"1004",52,"Male",0,108,233,TRUE,1,147,"No",0.1,2,3,"Reversable defect","Have Heart Disease","51-55"
"1005",51,"Female",2,140,308,FALSE,0,142,"No",1.5,2,1,"Fixed defect","Have Heart Disease","51-55"
"1006",55,"Female",0,128,205,FALSE,2,130,"Yes",2,1,1,"Reversable defect","No heart disease","51-55"
"1007",58,"Male",2,140,211,TRUE,0,165,"No",0,2,0,"Fixed defect","Have Heart Disease","56-60"
"1008",56,"Male",3,120,193,FALSE,0,162,"No",1.9,1,0,"Reversable defect","Have Heart Disease","56-60"
"1009",42,"Male",1,120,295,FALSE,1,162,"No",0,2,0,"Fixed defect","Have Heart Disease","41-45"
"1010",40,"Male",0,152,223,FALSE,1,181,"No",0,2,0,"Reversable defect","No heart disease","36-40"
"1011",51,"Male",0,140,299,FALSE,1,173,"Yes",1.6,2,0,"Reversable defect","No heart disease","51-55"
"1012",45,"Male",1,128,308,FALSE,0,170,"No",0,2,0,"Fixed defect","Have Heart Disease","41-45"
"1013",48,"Male",1,110,229,FALSE,1,168,"No",1,0,0,"Reversable defect","No heart disease","46-50"
"1014",58,"Male",0,114,318,FALSE,2,140,"No",4.4,0,3,"Normal","No heart disease","56-60"
"1015",44,"Female",2,108,141,FALSE,1,175,"No",0.6,1,0,"Fixed defect","Have Heart Disease","41-45"
"1016",58,"Male",0,128,216,FALSE,0,131,"Yes",2.2,1,3,"Reversable defect","No heart disease","56-60"
"1017",65,"Male",3,138,282,TRUE,0,174,"No",1.4,1,1,"Fixed defect","No heart disease","61-65"
"1018",53,"Male",0,123,282,FALSE,1,95,"Yes",2,1,2,"Reversable defect","No heart disease","51-55"
"1019",41,"Male",0,110,172,FALSE,0,158,"No",0,2,0,"Reversable defect","No heart disease","41-45"
"1020",47,"Male",0,112,204,FALSE,1,143,"No",0.1,2,0,"Fixed defect","Have Heart Disease","46-50"
"1021",59,"Male",1,140,221,FALSE,1,164,"Yes",0,2,0,"Fixed defect","Have Heart Disease","56-60"
"1022",60,"Male",0,125,258,FALSE,0,141,"Yes",2.8,1,1,"Reversable defect","No heart disease","56-60"
"1023",47,"Male",0,110,275,FALSE,0,118,"Yes",1,1,1,"Fixed defect","No heart disease","46-50"
"1024",50,"Female",0,110,254,FALSE,0,159,"No",0,2,0,"Fixed defect","Have Heart Disease","46-50"
"1025",54,"Male",0,120,188,FALSE,1,113,"No",1.4,1,1,"Reversable defect","No heart disease","51-55"
